0,SUCCESS,exec0,10,0,6.8353,6.9353,0
4,SUCCESS,exec0,10,0,9.7393,16.6747,0
8,SUCCESS,exec0,10,0,4.8765,21.5512,0
12,SUCCESS,exec0,10,0,18.1678,39.719,0
16,SUCCESS,exec0,10,0,19.4807,59.1997,0
20,SUCCESS,exec0,10,0,4.9203,64.12,0
24,SUCCESS,exec0,10,0,6.5548,70.6748,0
28,SUCCESS,exec0,10,0,12.6125,83.2873,0
32,SUCCESS,exec0,10,0,8.7283,92.0157,0
36,SUCCESS,exec0,10,0,3.9363,95.952,0
40,SUCCESS,exec0,10,0,15.2937,111.2457,0
44,SUCCESS,exec0,10,0,8.7673,120.013,0
48,SUCCESS,exec0,10,0,4.9673,124.9803,0
52,SUCCESS,exec0,10,0,8.15,133.1303,0
56,SUCCESS,exec0,10,0,16.648,149.7783,0
60,SUCCESS,exec0,10,0,2.29,152.0683,0
64,SUCCESS,exec0,10,0,19.193,171.2613,0
68,SUCCESS,exec0,10,0,9.286,180.5473,0
72,SUCCESS,exec0,10,0,10.542,191.0893,0
76,SUCCESS,exec0,10,0,11.316,202.4053,0
80,SUCCESS,exec0,10,0,5.826,208.2313,0
84,SUCCESS,exec0,10,0,10.7,218.9313,0
88,SUCCESS,exec0,10,0,15.306,234.2373,0
92,SUCCESS,exec0,10,0,5.804,240.0413,0
96,SUCCESS,exec0,10,0,10.736,250.7773,0
100,SUCCESS,exec0,10,0,5.134,255.9113,0
104,SUCCESS,exec0,10,0,18.82,274.7313,0
108,SUCCESS,exec0,10,0,7.068,281.7993,0
112,SUCCESS,exec0,10,0,16.276,298.0753,0
116,SUCCESS,exec0,10,0,18.442,316.5173,0
120,SUCCESS,exec0,10,0,8.226,324.7433,0
124,SUCCESS,exec0,10,0,3.356,328.0993,0
1,SUCCESS,exec0,10,1,7.9263,8.0263,0
5,SUCCESS,exec0,10,1,7.0147,15.041,0
9,SUCCESS,exec0,10,1,8.1422,23.1832,0
13,SUCCESS,exec0,10,1,5.405,28.5882,0
17,SUCCESS,exec0,10,1,4.007,32.5952,0
21,SUCCESS,exec0,10,1,4.2573,36.8525,0
25,SUCCESS,exec0,10,1,9.0428,45.8953,0
29,SUCCESS,exec0,10,1,7.555,53.4503,0
33,SUCCESS,exec0,10,1,2.2437,55.694,0
37,SUCCESS,exec0,10,1,5.7057,61.3997,0
41,SUCCESS,exec0,10,1,7.2708,68.6705,0
45,SUCCESS,exec0,10,1,4.9823,73.6528,0
49,SUCCESS,exec0,10,1,6.2698,79.9227,0
53,SUCCESS,exec0,10,1,5.2747,85.1973,0
57,SUCCESS,exec0,10,1,5.4977,90.695,0
61,SUCCESS,exec0,10,1,4.299,94.994,0
65,SUCCESS,exec0,10,1,1.764,96.758,0
69,SUCCESS,exec0,10,1,7.9817,104.7397,0
73,SUCCESS,exec0,10,1,8.9177,113.6573,0
77,SUCCESS,exec0,10,1,4.6057,118.263,0
81,SUCCESS,exec0,10,1,1.594,119.857,0
85,SUCCESS,exec0,10,1,6.4253,126.2823,0
89,SUCCESS,exec0,10,1,3.13,129.4123,0
93,SUCCESS,exec0,10,1,9.105,138.5173,0
97,SUCCESS,exec0,10,1,7.235,145.7523,0
101,SUCCESS,exec0,10,1,1.753,147.5053,0
105,SUCCESS,exec0,10,1,1.741,149.2463,0
109,SUCCESS,exec0,10,1,6.159,155.4053,0
113,SUCCESS,exec0,10,1,3.785,159.1903,0
117,SUCCESS,exec0,10,1,8.617,167.8073,0
121,SUCCESS,exec0,10,1,3.918,171.7253,0
125,SUCCESS,exec0,10,1,4.09,175.8153,0
2,SUCCESS,exec0,10,2,4.9263,5.0263,0
6,SUCCESS,exec0,10,2,6.3067,11.333,0
10,SUCCESS,exec0,10,2,4.4517,15.7847,0
14,SUCCESS,exec0,10,2,1.564,17.3487,0
18,SUCCESS,exec0,10,2,3.3145,20.6632,0
22,SUCCESS,exec0,10,2,4.2073,24.8705,0
26,SUCCESS,exec0,10,2,3.2067,28.0772,0
30,SUCCESS,exec0,10,2,1.587,29.6642,0
34,SUCCESS,exec0,10,2,6.5883,36.2525,0
38,SUCCESS,exec0,10,2,3.6905,39.943,0
42,SUCCESS,exec0,10,2,5.7323,45.6753,0
46,SUCCESS,exec0,10,2,2.628,48.3033,0
50,SUCCESS,exec0,10,2,5.5397,53.843,0
54,SUCCESS,exec0,10,2,3.0457,56.8887,0
58,SUCCESS,exec0,10,2,5.6113,62.5,0
62,SUCCESS,exec0,10,2,3.6975,66.1975,0
66,SUCCESS,exec0,10,2,4.3333,70.5308,0
70,SUCCESS,exec0,10,2,5.6133,76.1442,0
74,SUCCESS,exec0,10,2,3.0005,79.1447,0
78,SUCCESS,exec0,10,2,1.8953,81.04,0
82,SUCCESS,exec0,10,2,0.8853,81.9253,0
86,SUCCESS,exec0,10,2,0.924,82.8493,0
90,SUCCESS,exec0,10,2,3.9487,86.798,0
94,SUCCESS,exec0,10,2,5.0457,91.8437,0
98,SUCCESS,exec0,10,2,1.2413,93.085,0
102,SUCCESS,exec0,10,2,6.6323,99.7173,0
106,SUCCESS,exec0,10,2,0.9233,100.6407,0
110,SUCCESS,exec0,10,2,1.22,101.8607,0
114,SUCCESS,exec0,10,2,4.425,106.2857,0
118,SUCCESS,exec0,10,2,6.5147,112.8003,0
122,SUCCESS,exec0,10,2,3.8617,116.662,0
126,SUCCESS,exec0,10,2,5.2903,121.9523,0
3,SUCCESS,exec0,10,3,3.2095,3.3095,0
7,SUCCESS,exec0,10,3,1.5555,4.865,0
11,SUCCESS,exec0,10,3,1.4923,6.3573,0
15,SUCCESS,exec0,10,3,0.776,7.1333,0
19,SUCCESS,exec0,10,3,1.45,8.5833,0
23,SUCCESS,exec0,10,3,0.7745,9.3578,0
27,SUCCESS,exec0,10,3,0.5805,9.9383,0
31,SUCCESS,exec0,10,3,1.5047,11.443,0
35,SUCCESS,exec0,10,3,2.296,13.739,0
39,SUCCESS,exec0,10,3,1.689,15.428,0
43,SUCCESS,exec0,10,3,2.0552,17.4832,0
47,SUCCESS,exec0,10,3,4.178,21.6612,0
51,SUCCESS,exec0,10,3,4.6563,26.3175,0
55,SUCCESS,exec0,10,3,0.931,27.2485,0
59,SUCCESS,exec0,10,3,2.9842,30.2327,0
63,SUCCESS,exec0,10,3,2.2025,32.4352,0
67,SUCCESS,exec0,10,3,3.042,35.4772,0
71,SUCCESS,exec0,10,3,3.5778,39.055,0
75,SUCCESS,exec0,10,3,2.473,41.528,0
79,SUCCESS,exec0,10,3,4.2573,45.7853,0
83,SUCCESS,exec0,10,3,4.313,50.0983,0
87,SUCCESS,exec0,10,3,1.057,51.1553,0
91,SUCCESS,exec0,10,3,0.735,51.8903,0
95,SUCCESS,exec0,10,3,2.7647,54.655,0
99,SUCCESS,exec0,10,3,2.6247,57.2797,0
103,SUCCESS,exec0,10,3,4.637,61.9167,0
107,SUCCESS,exec0,10,3,2.8208,64.7375,0
111,SUCCESS,exec0,10,3,2.138,66.8755,0
115,SUCCESS,exec0,10,3,3.178,70.0535,0
119,SUCCESS,exec0,10,3,3.8373,73.8908,0
123,SUCCESS,exec0,10,3,3.1068,76.9977,0
127,SUCCESS,exec0,10,3,2.037,79.0347,0
0,SUCCESS,exec1,10,0,7.1845,7.2845,0
4,SUCCESS,exec1,10,0,3.434,10.7185,0
8,SUCCESS,exec1,10,0,5.4228,16.1413,0
12,SUCCESS,exec1,10,0,19.3852,35.5265,0
16,SUCCESS,exec1,10,0,18.8302,54.3567,0
20,SUCCESS,exec1,10,0,15.7798,70.1365,0
24,SUCCESS,exec1,10,0,14.0297,84.1662,0
28,SUCCESS,exec1,10,0,12.5092,96.6753,0
32,SUCCESS,exec1,10,0,17.0027,113.678,0
36,SUCCESS,exec1,10,0,10.312,123.99,0
40,SUCCESS,exec1,10,0,18.817,142.807,0
44,SUCCESS,exec1,10,0,6.303,149.11,0
48,SUCCESS,exec1,10,0,4.356,153.466,0
52,SUCCESS,exec1,10,0,16.552,170.018,0
56,SUCCESS,exec1,10,0,17.902,187.92,0
60,SUCCESS,exec1,10,0,4.672,192.592,0
64,SUCCESS,exec1,10,0,7.514,200.106,0
68,SUCCESS,exec1,10,0,18.138,218.244,0
72,SUCCESS,exec1,10,0,2.976,221.22,0
76,SUCCESS,exec1,10,0,16.028,237.248,0
80,SUCCESS,exec1,10,0,18.416,255.664,0
84,SUCCESS,exec1,10,0,18.45,274.114,0
88,SUCCESS,exec1,10,0,6.6,280.714,0
92,SUCCESS,exec1,10,0,4.56,285.274,0
96,SUCCESS,exec1,10,0,4.774,290.048,0
100,SUCCESS,exec1,10,0,19.842,309.89,0
104,SUCCESS,exec1,10,0,17.468,327.358,0
108,SUCCESS,exec1,10,0,10.556,337.914,0
112,SUCCESS,exec1,10,0,12.566,350.48,0
116,SUCCESS,exec1,10,0,16.052,366.532,0
120,SUCCESS,exec1,10,0,13.944,380.476,0
124,SUCCESS,exec1,10,0,6.438,386.914,0
1,SUCCESS,exec1,10,1,2.161,2.261,0
5,SUCCESS,exec1,10,1,5.5315,7.7925,0
9,SUCCESS,exec1,10,1,8.0668,15.8593,0
13,SUCCESS,exec1,10,1,5.9105,21.7698,0
17,SUCCESS,exec1,10,1,4.248,26.0178,0
21,SUCCESS,exec1,10,1,2.4687,28.4865,0
25,SUCCESS,exec1,10,1,6.44,34.9265,0
29,SUCCESS,exec1,10,1,4.308,39.2345,0
33,SUCCESS,exec1,10,1,6.0293,45.2638,0
37,SUCCESS,exec1,10,1,3.4758,48.7397,0
41,SUCCESS,exec1,10,1,1.8345,50.5742,0
45,SUCCESS,exec1,10,1,4.6225,55.1967,0
49,SUCCESS,exec1,10,1,7.549,62.7457,0
53,SUCCESS,exec1,10,1,3.1333,65.879,0
57,SUCCESS,exec1,10,1,1.327,67.206,0
61,SUCCESS,exec1,10,1,6.3188,73.5248,0
65,SUCCESS,exec1,10,1,7.5637,81.0885,0
69,SUCCESS,exec1,10,1,1.8227,82.9112,0
73,SUCCESS,exec1,10,1,1.145,84.0562,0
77,SUCCESS,exec1,10,1,3.2147,87.2708,0
81,SUCCESS,exec1,10,1,7.5132,94.784,0
85,SUCCESS,exec1,10,1,9.6293,104.4133,0
89,SUCCESS,exec1,10,1,3.6297,108.043,0
93,SUCCESS,exec1,10,1,4.933,112.976,0
97,SUCCESS,exec1,10,1,8.911,121.887,0
101,SUCCESS,exec1,10,1,1.009,122.896,0
105,SUCCESS,exec1,10,1,4.9,127.796,0
109,SUCCESS,exec1,10,1,4.402,132.198,0
113,SUCCESS,exec1,10,1,5.58,137.778,0
117,SUCCESS,exec1,10,1,1.921,139.699,0
121,SUCCESS,exec1,10,1,3.313,143.012,0
125,SUCCESS,exec1,10,1,1.474,144.486,0
2,SUCCESS,exec1,10,2,3.7753,3.8753,0
6,SUCCESS,exec1,10,2,3.2552,7.1305,0
10,SUCCESS,exec1,10,2,5.6913,12.8218,0
14,SUCCESS,exec1,10,2,2.3775,15.1993,0
18,SUCCESS,exec1,10,2,2.1753,17.3747,0
22,SUCCESS,exec1,10,2,1.9287,19.3033,0
26,SUCCESS,exec1,10,2,2.5765,21.8798,0
30,SUCCESS,exec1,10,2,4.4127,26.2925,0
34,SUCCESS,exec1,10,2,2.304,28.5965,0
38,SUCCESS,exec1,10,2,2.856,31.4525,0
42,SUCCESS,exec1,10,2,2.3,33.7525,0
46,SUCCESS,exec1,10,2,4.482,38.2345,0
50,SUCCESS,exec1,10,2,2.2815,40.516,0
54,SUCCESS,exec1,10,2,1.8793,42.3953,0
58,SUCCESS,exec1,10,2,3.5873,45.9827,0
62,SUCCESS,exec1,10,2,3.0535,49.0362,0
66,SUCCESS,exec1,10,2,3.9865,53.0227,0
70,SUCCESS,exec1,10,2,5.2188,58.2415,0
74,SUCCESS,exec1,10,2,2.3387,60.5802,0
78,SUCCESS,exec1,10,2,2.3508,62.931,0
82,SUCCESS,exec1,10,2,3.753,66.684,0
86,SUCCESS,exec1,10,2,4.7178,71.4018,0
90,SUCCESS,exec1,10,2,2.233,73.6348,0
94,SUCCESS,exec1,10,2,4.0142,77.649,0
98,SUCCESS,exec1,10,2,5.0372,82.6862,0
102,SUCCESS,exec1,10,2,4.0447,86.7308,0
106,SUCCESS,exec1,10,2,2.3952,89.126,0
110,SUCCESS,exec1,10,2,6.4593,95.5853,0
114,SUCCESS,exec1,10,2,1.4273,97.0127,0
118,SUCCESS,exec1,10,2,3.2507,100.2633,0
122,SUCCESS,exec1,10,2,1.166,101.4293,0
126,SUCCESS,exec1,10,2,6.2167,107.646,0
3,SUCCESS,exec1,10,3,2.614,2.714,0
7,SUCCESS,exec1,10,3,2.1338,4.8478,0
11,SUCCESS,exec1,10,3,4.0047,8.8525,0
15,SUCCESS,exec1,10,3,4.4843,13.3368,0
19,SUCCESS,exec1,10,3,0.59,13.9268,0
23,SUCCESS,exec1,10,3,1.1625,15.0893,0
27,SUCCESS,exec1,10,3,4.6105,19.6998,0
31,SUCCESS,exec1,10,3,4.061,23.7608,0
35,SUCCESS,exec1,10,3,0.506,24.2668,0
39,SUCCESS,exec1,10,3,4.0397,28.3065,0
43,SUCCESS,exec1,10,3,4.72,33.0265,0
47,SUCCESS,exec1,10,3,3.83,36.8565,0
51,SUCCESS,exec1,10,3,3.5295,40.386,0
55,SUCCESS,exec1,10,3,3.8878,44.2738,0
59,SUCCESS,exec1,10,3,1.4795,45.7533,0
63,SUCCESS,exec1,10,3,3.1728,48.9262,0
67,SUCCESS,exec1,10,3,3.9865,52.9127,0
71,SUCCESS,exec1,10,3,2.844,55.7567,0
75,SUCCESS,exec1,10,3,2.0295,57.7862,0
79,SUCCESS,exec1,10,3,4.5445,62.3307,0
83,SUCCESS,exec1,10,3,2.5013,64.832,0
87,SUCCESS,exec1,10,3,1.372,66.204,0
91,SUCCESS,exec1,10,3,2.6805,68.8845,0
95,SUCCESS,exec1,10,3,4.3193,73.2038,0
99,SUCCESS,exec1,10,3,1.9185,75.1223,0
103,SUCCESS,exec1,10,3,2.302,77.4243,0
107,SUCCESS,exec1,10,3,2.2752,79.6995,0
111,SUCCESS,exec1,10,3,2.248,81.9475,0
115,SUCCESS,exec1,10,3,4.1087,86.0562,0
119,SUCCESS,exec1,10,3,1.7772,87.8333,0
123,SUCCESS,exec1,10,3,3.7427,91.576,0
127,SUCCESS,exec1,10,3,1.095,92.671,0
0,SUCCESS,exec2,10,0,13.1283,13.2283,0
4,SUCCESS,exec2,10,0,4.0403,17.2687,0
8,SUCCESS,exec2,10,0,12.8373,30.106,0
12,SUCCESS,exec2,10,0,3.7607,33.8667,0
16,SUCCESS,exec2,10,0,3.7948,37.6615,0
20,SUCCESS,exec2,10,0,4.9552,42.6167,0
24,SUCCESS,exec2,10,0,9.4925,52.1092,0
28,SUCCESS,exec2,10,0,9.7983,61.9075,0
32,SUCCESS,exec2,10,0,14.2237,76.1312,0
36,SUCCESS,exec2,10,0,5.1455,81.2767,0
40,SUCCESS,exec2,10,0,3.352,84.6287,0
44,SUCCESS,exec2,10,0,18.951,103.5797,0
48,SUCCESS,exec2,10,0,5.529,109.1087,0
52,SUCCESS,exec2,10,0,9.4477,118.5563,0
56,SUCCESS,exec2,10,0,12.504,131.0603,0
60,SUCCESS,exec2,10,0,13.174,144.2343,0
64,SUCCESS,exec2,10,0,14.504,158.7383,0
68,SUCCESS,exec2,10,0,13.34,172.0783,0
72,SUCCESS,exec2,10,0,5.256,177.3343,0
76,SUCCESS,exec2,10,0,2.354,179.6883,0
80,SUCCESS,exec2,10,0,3.01,182.6983,0
84,SUCCESS,exec2,10,0,14.256,196.9543,0
88,SUCCESS,exec2,10,0,5.612,202.5663,0
92,SUCCESS,exec2,10,0,4.354,206.9203,0
96,SUCCESS,exec2,10,0,11.708,218.6283,0
100,SUCCESS,exec2,10,0,7.634,226.2623,0
104,SUCCESS,exec2,10,0,8.152,234.4143,0
108,SUCCESS,exec2,10,0,3.752,238.1663,0
112,SUCCESS,exec2,10,0,8.598,246.7643,0
116,SUCCESS,exec2,10,0,14.652,261.4163,0
120,SUCCESS,exec2,10,0,8.804,270.2203,0
124,SUCCESS,exec2,10,0,5.08,275.3003,0
1,SUCCESS,exec2,10,1,3.7895,3.8895,0
5,SUCCESS,exec2,10,1,3.876,7.7655,0
9,SUCCESS,exec2,10,1,5.1688,12.9343,0
13,SUCCESS,exec2,10,1,3.4663,16.4007,0
17,SUCCESS,exec2,10,1,9.5428,25.9435,0
21,SUCCESS,exec2,10,1,1.376,27.3195,0
25,SUCCESS,exec2,10,1,5.7152,33.0347,0
29,SUCCESS,exec2,10,1,3.2095,36.2442,0
33,SUCCESS,exec2,10,1,1.9143,38.1585,0
37,SUCCESS,exec2,10,1,5.9697,44.1282,0
41,SUCCESS,exec2,10,1,1.153,45.2812,0
45,SUCCESS,exec2,10,1,2.874,48.1552,0
49,SUCCESS,exec2,10,1,8.5712,56.7263,0
53,SUCCESS,exec2,10,1,1.802,58.5283,0
57,SUCCESS,exec2,10,1,1.0187,59.547,0
61,SUCCESS,exec2,10,1,8.7398,68.2868,0
65,SUCCESS,exec2,10,1,6.9753,75.2622,0
69,SUCCESS,exec2,10,1,3.767,79.0292,0
73,SUCCESS,exec2,10,1,3.9175,82.9467,0
77,SUCCESS,exec2,10,1,2.341,85.2877,0
81,SUCCESS,exec2,10,1,3.2167,88.5043,0
85,SUCCESS,exec2,10,1,5.0147,93.519,0
89,SUCCESS,exec2,10,1,1.88,95.399,0
93,SUCCESS,exec2,10,1,8.0707,103.4697,0
97,SUCCESS,exec2,10,1,2.007,105.4767,0
101,SUCCESS,exec2,10,1,5.758,111.2347,0
105,SUCCESS,exec2,10,1,5.9417,117.1763,0
109,SUCCESS,exec2,10,1,9.834,127.0103,0
113,SUCCESS,exec2,10,1,5.977,132.9873,0
117,SUCCESS,exec2,10,1,9.055,142.0423,0
121,SUCCESS,exec2,10,1,9.432,151.4743,0
125,SUCCESS,exec2,10,1,1.708,153.1823,0
2,SUCCESS,exec2,10,2,1.982,2.082,0
6,SUCCESS,exec2,10,2,6.6225,8.7045,0
10,SUCCESS,exec2,10,2,2.3875,11.092,0
14,SUCCESS,exec2,10,2,0.8953,11.9873,0
18,SUCCESS,exec2,10,2,3.2223,15.2097,0
22,SUCCESS,exec2,10,2,2.457,17.6667,0
26,SUCCESS,exec2,10,2,3.4388,21.1055,0
30,SUCCESS,exec2,10,2,6.104,27.2095,0
34,SUCCESS,exec2,10,2,1.56,28.7695,0
38,SUCCESS,exec2,10,2,1.6265,30.396,0
42,SUCCESS,exec2,10,2,2.0507,32.4467,0
46,SUCCESS,exec2,10,2,4.0288,36.4755,0
50,SUCCESS,exec2,10,2,2.1357,38.6112,0
54,SUCCESS,exec2,10,2,4.712,43.3232,0
58,SUCCESS,exec2,10,2,6.046,49.3692,0
62,SUCCESS,exec2,10,2,3.6892,53.0583,0
66,SUCCESS,exec2,10,2,4.696,57.7543,0
70,SUCCESS,exec2,10,2,1.5307,59.285,0
74,SUCCESS,exec2,10,2,1.814,61.099,0
78,SUCCESS,exec2,10,2,5.6738,66.7728,0
82,SUCCESS,exec2,10,2,4.2913,71.0642,0
86,SUCCESS,exec2,10,2,2.6843,73.7485,0
90,SUCCESS,exec2,10,2,0.7507,74.4992,0
94,SUCCESS,exec2,10,2,1.742,76.2412,0
98,SUCCESS,exec2,10,2,2.898,79.1392,0
102,SUCCESS,exec2,10,2,1.4975,80.6367,0
106,SUCCESS,exec2,10,2,5.9697,86.6063,0
110,SUCCESS,exec2,10,2,6.3887,92.995,0
114,SUCCESS,exec2,10,2,3.9547,96.9497,0
118,SUCCESS,exec2,10,2,6.244,103.1937,0
122,SUCCESS,exec2,10,2,4.587,107.7807,0
126,SUCCESS,exec2,10,2,5.1687,112.9493,0
3,SUCCESS,exec2,10,3,3.4095,3.5095,0
7,SUCCESS,exec2,10,3,4.459,7.9685,0
11,SUCCESS,exec2,10,3,3.0135,10.982,0
15,SUCCESS,exec2,10,3,2.0623,13.0443,0
19,SUCCESS,exec2,10,3,2.7523,15.7967,0
23,SUCCESS,exec2,10,3,2.681,18.4777,0
27,SUCCESS,exec2,10,3,1.1325,19.6102,0
31,SUCCESS,exec2,10,3,2.7093,22.3195,0
35,SUCCESS,exec2,10,3,3.238,25.5575,0
39,SUCCESS,exec2,10,3,1.972,27.5295,0
43,SUCCESS,exec2,10,3,0.82,28.3495,0
47,SUCCESS,exec2,10,3,1.6465,29.996,0
51,SUCCESS,exec2,10,3,2.5607,32.5567,0
55,SUCCESS,exec2,10,3,3.4135,35.9702,0
59,SUCCESS,exec2,10,3,2.935,38.9052,0
63,SUCCESS,exec2,10,3,3.3275,42.2327,0
67,SUCCESS,exec2,10,3,0.9805,43.2132,0
71,SUCCESS,exec2,10,3,4.669,47.8822,0
75,SUCCESS,exec2,10,3,2.913,50.7952,0
79,SUCCESS,exec2,10,3,1.5065,52.3017,0
83,SUCCESS,exec2,10,3,2.9907,55.2923,0
87,SUCCESS,exec2,10,3,2.572,57.8643,0
91,SUCCESS,exec2,10,3,3.7352,61.5995,0
95,SUCCESS,exec2,10,3,1.0375,62.637,0
99,SUCCESS,exec2,10,3,2.1745,64.8115,0
103,SUCCESS,exec2,10,3,2.8953,67.7068,0
107,SUCCESS,exec2,10,3,4.0663,71.7732,0
111,SUCCESS,exec2,10,3,3.944,75.7172,0
115,SUCCESS,exec2,10,3,1.129,76.8462,0
119,SUCCESS,exec2,10,3,2.4205,79.2667,0
123,SUCCESS,exec2,10,3,3.203,82.4697,0
127,SUCCESS,exec2,10,3,1.673,84.1427,0
0,SUCCESS,exec3,10,0,3.4892,3.5892,0
4,SUCCESS,exec3,10,0,19.35,22.9392,0
8,SUCCESS,exec3,10,0,12.2247,35.1638,0
12,SUCCESS,exec3,10,0,17.1175,52.2813,0
16,SUCCESS,exec3,10,0,15.8013,68.0827,0
20,SUCCESS,exec3,10,0,10.2522,78.3348,0
24,SUCCESS,exec3,10,0,7.4503,85.7852,0
28,SUCCESS,exec3,10,0,12.2167,98.0018,0
32,SUCCESS,exec3,10,0,19.1563,117.1582,0
36,SUCCESS,exec3,10,0,12.886,130.0442,0
40,SUCCESS,exec3,10,0,16.427,146.4712,0
44,SUCCESS,exec3,10,0,10.528,156.9992,0
48,SUCCESS,exec3,10,0,19.433,176.4322,0
52,SUCCESS,exec3,10,0,17.546,193.9782,0
56,SUCCESS,exec3,10,0,6.126,200.1042,0
60,SUCCESS,exec3,10,0,16.326,216.4302,0
64,SUCCESS,exec3,10,0,11.93,228.3602,0
68,SUCCESS,exec3,10,0,6.556,234.9162,0
72,SUCCESS,exec3,10,0,7.23,242.1462,0
76,SUCCESS,exec3,10,0,10.592,252.7382,0
80,SUCCESS,exec3,10,0,4.712,257.4502,0
84,SUCCESS,exec3,10,0,10.034,267.4842,0
88,SUCCESS,exec3,10,0,4.506,271.9902,0
92,SUCCESS,exec3,10,0,6.822,278.8122,0
96,SUCCESS,exec3,10,0,18.52,297.3322,0
100,SUCCESS,exec3,10,0,12.912,310.2442,0
104,SUCCESS,exec3,10,0,5.988,316.2322,0
108,SUCCESS,exec3,10,0,12.428,328.6602,0
112,SUCCESS,exec3,10,0,8.012,336.6722,0
116,SUCCESS,exec3,10,0,11.072,347.7442,0
120,SUCCESS,exec3,10,0,16.514,364.2582,0
124,SUCCESS,exec3,10,0,5.516,369.7742,0
1,SUCCESS,exec3,10,1,8.5657,8.6657,0
5,SUCCESS,exec3,10,1,2.299,10.9647,0
9,SUCCESS,exec3,10,1,6.6928,17.6575,0
13,SUCCESS,exec3,10,1,5.3917,23.0492,0
17,SUCCESS,exec3,10,1,2.3395,25.3887,0
21,SUCCESS,exec3,10,1,1.9315,27.3202,0
25,SUCCESS,exec3,10,1,6.5437,33.8638,0
29,SUCCESS,exec3,10,1,8.0333,41.8972,0
33,SUCCESS,exec3,10,1,4.7527,46.6498,0
37,SUCCESS,exec3,10,1,7.0735,53.7233,0
41,SUCCESS,exec3,10,1,7.499,61.2223,0
45,SUCCESS,exec3,10,1,2.5553,63.7777,0
49,SUCCESS,exec3,10,1,8.2205,71.9982,0
53,SUCCESS,exec3,10,1,4.514,76.5122,0
57,SUCCESS,exec3,10,1,9.423,85.9352,0
61,SUCCESS,exec3,10,1,5.794,91.7292,0
65,SUCCESS,exec3,10,1,2.722,94.4512,0
69,SUCCESS,exec3,10,1,2.2827,96.7338,0
73,SUCCESS,exec3,10,1,3.7977,100.5315,0
77,SUCCESS,exec3,10,1,5.7827,106.3142,0
81,SUCCESS,exec3,10,1,5.0743,111.3885,0
85,SUCCESS,exec3,10,1,4.4317,115.8202,0
89,SUCCESS,exec3,10,1,6.366,122.1862,0
93,SUCCESS,exec3,10,1,2.048,124.2342,0
97,SUCCESS,exec3,10,1,6.3,130.5342,0
101,SUCCESS,exec3,10,1,9.465,139.9992,0
105,SUCCESS,exec3,10,1,5.058,145.0572,0
109,SUCCESS,exec3,10,1,3.377,148.4342,0
113,SUCCESS,exec3,10,1,4.445,152.8792,0
117,SUCCESS,exec3,10,1,3.654,156.5332,0
121,SUCCESS,exec3,10,1,3.278,159.8112,0
125,SUCCESS,exec3,10,1,5.197,165.0082,0
2,SUCCESS,exec3,10,2,2.5992,2.6992,0
6,SUCCESS,exec3,10,2,1.098,3.7972,0
10,SUCCESS,exec3,10,2,3.7898,7.587,0
14,SUCCESS,exec3,10,2,0.7987,8.3857,0
18,SUCCESS,exec3,10,2,5.7035,14.0892,0
22,SUCCESS,exec3,10,2,3.2493,17.3385,0
26,SUCCESS,exec3,10,2,4.8667,22.2052,0
30,SUCCESS,exec3,10,2,5.289,27.4942,0
34,SUCCESS,exec3,10,2,3.2877,30.7818,0
38,SUCCESS,exec3,10,2,1.68,32.4618,0
42,SUCCESS,exec3,10,2,4.6353,37.0972,0
46,SUCCESS,exec3,10,2,4.69,41.7872,0
50,SUCCESS,exec3,10,2,1.3193,43.1065,0
54,SUCCESS,exec3,10,2,0.9802,44.0867,0
58,SUCCESS,exec3,10,2,0.7367,44.8233,0
62,SUCCESS,exec3,10,2,3.939,48.7623,0
66,SUCCESS,exec3,10,2,5.9977,54.76,0
70,SUCCESS,exec3,10,2,4.9155,59.6755,0
74,SUCCESS,exec3,10,2,0.8878,60.5633,0
78,SUCCESS,exec3,10,2,0.9343,61.4977,0
82,SUCCESS,exec3,10,2,5.514,67.0117,0
86,SUCCESS,exec3,10,2,4.8565,71.8682,0
90,SUCCESS,exec3,10,2,4.754,76.6222,0
94,SUCCESS,exec3,10,2,1.2127,77.8348,0
98,SUCCESS,exec3,10,2,5.8383,83.6732,0
102,SUCCESS,exec3,10,2,5.836,89.5092,0
106,SUCCESS,exec3,10,2,5.6747,95.1838,0
110,SUCCESS,exec3,10,2,4.7907,99.9745,0
114,SUCCESS,exec3,10,2,6.2297,106.2042,0
118,SUCCESS,exec3,10,2,3.3073,109.5115,0
122,SUCCESS,exec3,10,2,5.3257,114.8372,0
126,SUCCESS,exec3,10,2,1.315,116.1522,0
3,SUCCESS,exec3,10,3,2.1105,2.2105,0
7,SUCCESS,exec3,10,3,3.6772,5.8877,0
11,SUCCESS,exec3,10,3,3.2785,9.1662,0
15,SUCCESS,exec3,10,3,1.6885,10.8547,0
19,SUCCESS,exec3,10,3,0.724,11.5787,0
23,SUCCESS,exec3,10,3,2.3605,13.9392,0
27,SUCCESS,exec3,10,3,4.4513,18.3905,0
31,SUCCESS,exec3,10,3,4.8622,23.2527,0
35,SUCCESS,exec3,10,3,3.9545,27.2072,0
39,SUCCESS,exec3,10,3,2.254,29.4612,0
43,SUCCESS,exec3,10,3,1.4307,30.8918,0
47,SUCCESS,exec3,10,3,4.59,35.4818,0
51,SUCCESS,exec3,10,3,1.312,36.7938,0
55,SUCCESS,exec3,10,3,1.2498,38.0437,0
59,SUCCESS,exec3,10,3,1.0935,39.1372,0
63,SUCCESS,exec3,10,3,4.3888,43.526,0
67,SUCCESS,exec3,10,3,1.5398,45.0658,0
71,SUCCESS,exec3,10,3,2.0245,47.0903,0
75,SUCCESS,exec3,10,3,3.163,50.2533,0
79,SUCCESS,exec3,10,3,2.501,52.7543,0
83,SUCCESS,exec3,10,3,2.4197,55.174,0
87,SUCCESS,exec3,10,3,2.2435,57.4175,0
91,SUCCESS,exec3,10,3,2.5605,59.978,0
95,SUCCESS,exec3,10,3,2.9377,62.9157,0
99,SUCCESS,exec3,10,3,4.463,67.3787,0
103,SUCCESS,exec3,10,3,1.609,68.9877,0
107,SUCCESS,exec3,10,3,0.9855,69.9732,0
111,SUCCESS,exec3,10,3,1.327,71.3002,0
115,SUCCESS,exec3,10,3,2.6675,73.9677,0
119,SUCCESS,exec3,10,3,2.1605,76.1282,0
123,SUCCESS,exec3,10,3,1.026,77.1542,0
127,SUCCESS,exec3,10,3,1.9297,79.0838,0
0,SUCCESS,exec4,10,0,9.5798,9.6798,0
4,SUCCESS,exec4,10,0,6.9957,16.6755,0
8,SUCCESS,exec4,10,0,5.2978,21.9733,0
12,SUCCESS,exec4,10,0,9.4943,31.4677,0
16,SUCCESS,exec4,10,0,7.6857,39.1533,0
20,SUCCESS,exec4,10,0,3.3145,42.4678,0
24,SUCCESS,exec4,10,0,5.626,48.0938,0
28,SUCCESS,exec4,10,0,12.7212,60.815,0
32,SUCCESS,exec4,10,0,13.4238,74.2388,0
36,SUCCESS,exec4,10,0,3.3903,77.6292,0
40,SUCCESS,exec4,10,0,4.9387,82.5678,0
44,SUCCESS,exec4,10,0,2.5933,85.1612,0
48,SUCCESS,exec4,10,0,10.4797,95.6408,0
52,SUCCESS,exec4,10,0,16.3523,111.9932,0
56,SUCCESS,exec4,10,0,14.296,126.2892,0
60,SUCCESS,exec4,10,0,10.227,136.5162,0
64,SUCCESS,exec4,10,0,17.762,154.2782,0
68,SUCCESS,exec4,10,0,13.156,167.4342,0
72,SUCCESS,exec4,10,0,6.339,173.7732,0
76,SUCCESS,exec4,10,0,18.812,192.5852,0
80,SUCCESS,exec4,10,0,10.79,203.3752,0
84,SUCCESS,exec4,10,0,18.32,221.6952,0
88,SUCCESS,exec4,10,0,5.318,227.0132,0
92,SUCCESS,exec4,10,0,3.564,230.5772,0
96,SUCCESS,exec4,10,0,5.324,235.9012,0
100,SUCCESS,exec4,10,0,8.492,244.3932,0
104,SUCCESS,exec4,10,0,10.064,254.4572,0
108,SUCCESS,exec4,10,0,2.922,257.3792,0
112,SUCCESS,exec4,10,0,3.374,260.7532,0
116,SUCCESS,exec4,10,0,10.308,271.0612,0
120,SUCCESS,exec4,10,0,17.146,288.2072,0
124,SUCCESS,exec4,10,0,14.604,302.8112,0
1,SUCCESS,exec4,10,1,6.6258,6.7258,0
5,SUCCESS,exec4,10,1,7.2008,13.9267,0
9,SUCCESS,exec4,10,1,6.4467,20.3733,0
13,SUCCESS,exec4,10,1,6.4975,26.8708,0
17,SUCCESS,exec4,10,1,4.2778,31.1487,0
21,SUCCESS,exec4,10,1,1.837,32.9857,0
25,SUCCESS,exec4,10,1,6.6827,39.6683,0
29,SUCCESS,exec4,10,1,3.6375,43.3058,0
33,SUCCESS,exec4,10,1,7.2863,50.5922,0
37,SUCCESS,exec4,10,1,9.6278,60.22,0
41,SUCCESS,exec4,10,1,1.4403,61.6603,0
45,SUCCESS,exec4,10,1,1.6625,63.3228,0
49,SUCCESS,exec4,10,1,9.096,72.4188,0
53,SUCCESS,exec4,10,1,3.463,75.8818,0
57,SUCCESS,exec4,10,1,2.5473,78.4292,0
61,SUCCESS,exec4,10,1,1.114,79.5432,0
65,SUCCESS,exec4,10,1,6.798,86.3412,0
69,SUCCESS,exec4,10,1,6.5117,92.8528,0
73,SUCCESS,exec4,10,1,4.8353,97.6882,0
77,SUCCESS,exec4,10,1,7.967,105.6552,0
81,SUCCESS,exec4,10,1,6.941,112.5962,0
85,SUCCESS,exec4,10,1,4.814,117.4102,0
89,SUCCESS,exec4,10,1,3.844,121.2542,0
93,SUCCESS,exec4,10,1,3.495,124.7492,0
97,SUCCESS,exec4,10,1,3.413,128.1622,0
101,SUCCESS,exec4,10,1,6.734,134.8962,0
105,SUCCESS,exec4,10,1,1.771,136.6672,0
109,SUCCESS,exec4,10,1,6.524,143.1912,0
113,SUCCESS,exec4,10,1,7.671,150.8622,0
117,SUCCESS,exec4,10,1,7.162,158.0242,0
121,SUCCESS,exec4,10,1,7.442,165.4662,0
125,SUCCESS,exec4,10,1,4.993,170.4592,0
2,SUCCESS,exec4,10,2,5.1278,5.2278,0
6,SUCCESS,exec4,10,2,3.722,8.9498,0
10,SUCCESS,exec4,10,2,1.568,10.5178,0
14,SUCCESS,exec4,10,2,1.1513,11.6692,0
18,SUCCESS,exec4,10,2,4.5023,16.1715,0
22,SUCCESS,exec4,10,2,0.6773,16.8488,0
26,SUCCESS,exec4,10,2,5.2345,22.0833,0
30,SUCCESS,exec4,10,2,1.0173,23.1007,0
34,SUCCESS,exec4,10,2,3.4962,26.5968,0
38,SUCCESS,exec4,10,2,3.8768,30.4737,0
42,SUCCESS,exec4,10,2,3.9213,34.395,0
46,SUCCESS,exec4,10,2,1.4367,35.8317,0
50,SUCCESS,exec4,10,2,1.4607,37.2923,0
54,SUCCESS,exec4,10,2,6.2295,43.5218,0
58,SUCCESS,exec4,10,2,4.8213,48.3432,0
62,SUCCESS,exec4,10,2,2.687,51.0302,0
66,SUCCESS,exec4,10,2,1.3582,52.3883,0
70,SUCCESS,exec4,10,2,1.192,53.5803,0
74,SUCCESS,exec4,10,2,2.8787,56.459,0
78,SUCCESS,exec4,10,2,3.107,59.566,0
82,SUCCESS,exec4,10,2,1.9843,61.5503,0
86,SUCCESS,exec4,10,2,2.1532,63.7035,0
90,SUCCESS,exec4,10,2,3.1703,66.8738,0
94,SUCCESS,exec4,10,2,2.8813,69.7552,0
98,SUCCESS,exec4,10,2,1.7627,71.5178,0
102,SUCCESS,exec4,10,2,4.7573,76.2752,0
106,SUCCESS,exec4,10,2,3.4967,79.7718,0
110,SUCCESS,exec4,10,2,5.2793,85.0512,0
114,SUCCESS,exec4,10,2,3.6067,88.6578,0
118,SUCCESS,exec4,10,2,1.814,90.4718,0
122,SUCCESS,exec4,10,2,5.2817,95.7535,0
126,SUCCESS,exec4,10,2,1.2727,97.0262,0
3,SUCCESS,exec4,10,3,1.966,2.066,0
7,SUCCESS,exec4,10,3,1.5985,3.6645,0
11,SUCCESS,exec4,10,3,3.3898,7.0543,0
15,SUCCESS,exec4,10,3,1.6315,8.6858,0
19,SUCCESS,exec4,10,3,3.3288,12.0147,0
23,SUCCESS,exec4,10,3,2.4295,14.4442,0
27,SUCCESS,exec4,10,3,1.8373,16.2815,0
31,SUCCESS,exec4,10,3,3.6138,19.8953,0
35,SUCCESS,exec4,10,3,1.304,21.1993,0
39,SUCCESS,exec4,10,3,3.3448,24.5442,0
43,SUCCESS,exec4,10,3,4.5822,29.1263,0
47,SUCCESS,exec4,10,3,2.2273,31.3537,0
51,SUCCESS,exec4,10,3,1.742,33.0957,0
55,SUCCESS,exec4,10,3,1.5443,34.64,0
59,SUCCESS,exec4,10,3,0.877,35.517,0
63,SUCCESS,exec4,10,3,2.4278,37.9448,0
67,SUCCESS,exec4,10,3,0.6345,38.5793,0
71,SUCCESS,exec4,10,3,0.684,39.2633,0
75,SUCCESS,exec4,10,3,1.1375,40.4008,0
79,SUCCESS,exec4,10,3,0.759,41.1598,0
83,SUCCESS,exec4,10,3,2.808,43.9678,0
87,SUCCESS,exec4,10,3,3,46.9678,0
91,SUCCESS,exec4,10,3,3.7343,50.7022,0
95,SUCCESS,exec4,10,3,0.7315,51.4337,0
99,SUCCESS,exec4,10,3,3.1507,54.5843,0
103,SUCCESS,exec4,10,3,1.57,56.1543,0
107,SUCCESS,exec4,10,3,1.2497,57.404,0
111,SUCCESS,exec4,10,3,3.199,60.603,0
115,SUCCESS,exec4,10,3,1.6403,62.2433,0
119,SUCCESS,exec4,10,3,0.6155,62.8588,0
123,SUCCESS,exec4,10,3,1.1417,64.0005,0
127,SUCCESS,exec4,10,3,0.622,64.6225,0
0,SUCCESS,exec5,10,0,2.1115,2.2115,0
4,SUCCESS,exec5,10,0,5.3497,7.5612,0
8,SUCCESS,exec5,10,0,12.9933,20.5545,0
12,SUCCESS,exec5,10,0,16.7847,37.3392,0
16,SUCCESS,exec5,10,0,10.157,47.4962,0
20,SUCCESS,exec5,10,0,5.4238,52.92,0
24,SUCCESS,exec5,10,0,13.4148,66.3348,0
28,SUCCESS,exec5,10,0,8.5408,74.8757,0
32,SUCCESS,exec5,10,0,4.2495,79.1252,0
36,SUCCESS,exec5,10,0,6.4982,85.6233,0
40,SUCCESS,exec5,10,0,4.526,90.1493,0
44,SUCCESS,exec5,10,0,9.457,99.6063,0
48,SUCCESS,exec5,10,0,18.8323,118.4387,0
52,SUCCESS,exec5,10,0,6.051,124.4897,0
56,SUCCESS,exec5,10,0,18.6017,143.0913,0
60,SUCCESS,exec5,10,0,10.798,153.8893,0
64,SUCCESS,exec5,10,0,2.704,156.5933,0
68,SUCCESS,exec5,10,0,16.161,172.7543,0
72,SUCCESS,exec5,10,0,3.104,175.8583,0
76,SUCCESS,exec5,10,0,19.438,195.2963,0
80,SUCCESS,exec5,10,0,4.316,199.6123,0
84,SUCCESS,exec5,10,0,17.72,217.3323,0
88,SUCCESS,exec5,10,0,3.086,220.4183,0
92,SUCCESS,exec5,10,0,10.802,231.2203,0
96,SUCCESS,exec5,10,0,13.462,244.6823,0
100,SUCCESS,exec5,10,0,12.362,257.0443,0
104,SUCCESS,exec5,10,0,8.288,265.3323,0
108,SUCCESS,exec5,10,0,11.53,276.8623,0
112,SUCCESS,exec5,10,0,8.354,285.2163,0
116,SUCCESS,exec5,10,0,13.992,299.2083,0
120,SUCCESS,exec5,10,0,4.548,303.7563,0
124,SUCCESS,exec5,10,0,10.892,314.6483,0
1,SUCCESS,exec5,10,1,6.1692,6.2692,0
5,SUCCESS,exec5,10,1,6.5335,12.8027,0
9,SUCCESS,exec5,10,1,2.276,15.0787,0
13,SUCCESS,exec5,10,1,3.6568,18.7355,0
17,SUCCESS,exec5,10,1,1.057,19.7925,0
21,SUCCESS,exec5,10,1,4.268,24.0605,0
25,SUCCESS,exec5,10,1,3.099,27.1595,0
29,SUCCESS,exec5,10,1,4.16,31.3195,0
33,SUCCESS,exec5,10,1,9.199,40.5185,0
37,SUCCESS,exec5,10,1,3.833,44.3515,0
41,SUCCESS,exec5,10,1,5.8115,50.163,0
45,SUCCESS,exec5,10,1,5.071,55.234,0
49,SUCCESS,exec5,10,1,7.6428,62.8768,0
53,SUCCESS,exec5,10,1,9.0895,71.9663,0
57,SUCCESS,exec5,10,1,4.2853,76.2517,0
61,SUCCESS,exec5,10,1,1.6005,77.8522,0
65,SUCCESS,exec5,10,1,9.8072,87.6593,0
69,SUCCESS,exec5,10,1,5.867,93.5263,0
73,SUCCESS,exec5,10,1,2.724,96.2503,0
77,SUCCESS,exec5,10,1,9.9727,106.223,0
81,SUCCESS,exec5,10,1,5.999,112.222,0
85,SUCCESS,exec5,10,1,5.246,117.468,0
89,SUCCESS,exec5,10,1,6.5217,123.9897,0
93,SUCCESS,exec5,10,1,4.5237,128.5133,0
97,SUCCESS,exec5,10,1,1.954,130.4673,0
101,SUCCESS,exec5,10,1,5.356,135.8233,0
105,SUCCESS,exec5,10,1,4.906,140.7293,0
109,SUCCESS,exec5,10,1,1.126,141.8553,0
113,SUCCESS,exec5,10,1,3.27,145.1253,0
117,SUCCESS,exec5,10,1,8.404,153.5293,0
121,SUCCESS,exec5,10,1,8.316,161.8453,0
125,SUCCESS,exec5,10,1,4.945,166.7903,0
2,SUCCESS,exec5,10,2,3.6782,3.7782,0
6,SUCCESS,exec5,10,2,5.9722,9.7503,0
10,SUCCESS,exec5,10,2,1.3393,11.0897,0
14,SUCCESS,exec5,10,2,5.0403,16.13,0
18,SUCCESS,exec5,10,2,1.9035,18.0335,0
22,SUCCESS,exec5,10,2,3.947,21.9805,0
26,SUCCESS,exec5,10,2,5.817,27.7975,0
30,SUCCESS,exec5,10,2,5.2642,33.0617,0
34,SUCCESS,exec5,10,2,6.6198,39.6815,0
38,SUCCESS,exec5,10,2,6.0927,45.7742,0
42,SUCCESS,exec5,10,2,3.5383,49.3125,0
46,SUCCESS,exec5,10,2,1.4445,50.757,0
50,SUCCESS,exec5,10,2,5.221,55.978,0
54,SUCCESS,exec5,10,2,6.0088,61.9868,0
58,SUCCESS,exec5,10,2,6.262,68.2488,0
62,SUCCESS,exec5,10,2,1.09,69.3388,0
66,SUCCESS,exec5,10,2,5.3668,74.7057,0
70,SUCCESS,exec5,10,2,3.1465,77.8522,0
74,SUCCESS,exec5,10,2,6.3878,84.24,0
78,SUCCESS,exec5,10,2,1.1773,85.4173,0
82,SUCCESS,exec5,10,2,2.728,88.1453,0
86,SUCCESS,exec5,10,2,2.114,90.2593,0
90,SUCCESS,exec5,10,2,1.412,91.6713,0
94,SUCCESS,exec5,10,2,1.965,93.6363,0
98,SUCCESS,exec5,10,2,6.3493,99.9857,0
102,SUCCESS,exec5,10,2,2.9707,102.9563,0
106,SUCCESS,exec5,10,2,1.1947,104.151,0
110,SUCCESS,exec5,10,2,5.914,110.065,0
114,SUCCESS,exec5,10,2,4.243,114.308,0
118,SUCCESS,exec5,10,2,3.9427,118.2507,0
122,SUCCESS,exec5,10,2,5.36,123.6107,0
126,SUCCESS,exec5,10,2,2.1557,125.7663,0
3,SUCCESS,exec5,10,3,1.0415,1.1415,0
7,SUCCESS,exec5,10,3,2.7957,3.9372,0
11,SUCCESS,exec5,10,3,0.865,4.8022,0
15,SUCCESS,exec5,10,3,0.538,5.3402,0
19,SUCCESS,exec5,10,3,2.6535,7.9937,0
23,SUCCESS,exec5,10,3,4.9875,12.9812,0
27,SUCCESS,exec5,10,3,0.8085,13.7897,0
31,SUCCESS,exec5,10,3,4.1338,17.9235,0
35,SUCCESS,exec5,10,3,4.608,22.5315,0
39,SUCCESS,exec5,10,3,2.522,25.0535,0
43,SUCCESS,exec5,10,3,2.854,27.9075,0
47,SUCCESS,exec5,10,3,3.5275,31.435,0
51,SUCCESS,exec5,10,3,4.2042,35.6392,0
55,SUCCESS,exec5,10,3,2.241,37.8802,0
59,SUCCESS,exec5,10,3,3.0983,40.9785,0
63,SUCCESS,exec5,10,3,3.921,44.8995,0
67,SUCCESS,exec5,10,3,3.4317,48.3312,0
71,SUCCESS,exec5,10,3,1.5518,49.883,0
75,SUCCESS,exec5,10,3,0.55,50.433,0
79,SUCCESS,exec5,10,3,1.355,51.788,0
83,SUCCESS,exec5,10,3,4.3,56.088,0
87,SUCCESS,exec5,10,3,2.4205,58.5085,0
91,SUCCESS,exec5,10,3,3.239,61.7475,0
95,SUCCESS,exec5,10,3,2.9153,64.6628,0
99,SUCCESS,exec5,10,3,1.008,65.6708,0
103,SUCCESS,exec5,10,3,4.5205,70.1913,0
107,SUCCESS,exec5,10,3,1.993,72.1843,0
111,SUCCESS,exec5,10,3,4.3303,76.5147,0
115,SUCCESS,exec5,10,3,0.5745,77.0892,0
119,SUCCESS,exec5,10,3,0.653,77.7422,0
123,SUCCESS,exec5,10,3,0.581,78.3232,0
127,SUCCESS,exec5,10,3,2.8115,81.1347,0
0,SUCCESS,exec6,10,0,9.934,10.034,0
4,SUCCESS,exec6,10,0,10.8323,20.8663,0
8,SUCCESS,exec6,10,0,16.2612,37.1275,0
12,SUCCESS,exec6,10,0,5.385,42.5125,0
16,SUCCESS,exec6,10,0,8.4778,50.9903,0
20,SUCCESS,exec6,10,0,5.4147,56.405,0
24,SUCCESS,exec6,10,0,9.9362,66.3412,0
28,SUCCESS,exec6,10,0,5.7218,72.063,0
32,SUCCESS,exec6,10,0,4.5985,76.6615,0
36,SUCCESS,exec6,10,0,7.9192,84.5807,0
40,SUCCESS,exec6,10,0,4.8057,89.3863,0
44,SUCCESS,exec6,10,0,17.7807,107.167,0
48,SUCCESS,exec6,10,0,3.256,110.423,0
52,SUCCESS,exec6,10,0,8.854,119.277,0
56,SUCCESS,exec6,10,0,11.009,130.286,0
60,SUCCESS,exec6,10,0,10.479,140.765,0
64,SUCCESS,exec6,10,0,10.56,151.325,0
68,SUCCESS,exec6,10,0,16.614,167.939,0
72,SUCCESS,exec6,10,0,16.938,184.877,0
76,SUCCESS,exec6,10,0,10.528,195.405,0
80,SUCCESS,exec6,10,0,8.288,203.693,0
84,SUCCESS,exec6,10,0,17.026,220.719,0
88,SUCCESS,exec6,10,0,13.12,233.839,0
92,SUCCESS,exec6,10,0,16.222,250.061,0
96,SUCCESS,exec6,10,0,2.808,252.869,0
100,SUCCESS,exec6,10,0,8.892,261.761,0
104,SUCCESS,exec6,10,0,18.222,279.983,0
108,SUCCESS,exec6,10,0,5.382,285.365,0
112,SUCCESS,exec6,10,0,2.926,288.291,0
116,SUCCESS,exec6,10,0,8.504,296.795,0
120,SUCCESS,exec6,10,0,5.966,302.761,0
124,SUCCESS,exec6,10,0,2.96,305.721,0
1,SUCCESS,exec6,10,1,3.216,3.316,0
5,SUCCESS,exec6,10,1,3.7687,7.0847,0
9,SUCCESS,exec6,10,1,7.0877,14.1723,0
13,SUCCESS,exec6,10,1,3.924,18.0963,0
17,SUCCESS,exec6,10,1,6.1148,24.2112,0
21,SUCCESS,exec6,10,1,3.8603,28.0715,0
25,SUCCESS,exec6,10,1,1.834,29.9055,0
29,SUCCESS,exec6,10,1,4.7815,34.687,0
33,SUCCESS,exec6,10,1,3.0745,37.7615,0
37,SUCCESS,exec6,10,1,6.9065,44.668,0
41,SUCCESS,exec6,10,1,4.7103,49.3783,0
45,SUCCESS,exec6,10,1,1.737,51.1153,0
49,SUCCESS,exec6,10,1,4.8997,56.015,0
53,SUCCESS,exec6,10,1,9.6782,65.6932,0
57,SUCCESS,exec6,10,1,2.9603,68.6535,0
61,SUCCESS,exec6,10,1,4.2215,72.875,0
65,SUCCESS,exec6,10,1,5.494,78.369,0
69,SUCCESS,exec6,10,1,6.0257,84.3947,0
73,SUCCESS,exec6,10,1,2.18,86.5747,0
77,SUCCESS,exec6,10,1,2.7017,89.2763,0
81,SUCCESS,exec6,10,1,5.2907,94.567,0
85,SUCCESS,exec6,10,1,7.5453,102.1123,0
89,SUCCESS,exec6,10,1,4.0753,106.1877,0
93,SUCCESS,exec6,10,1,2.6353,108.823,0
97,SUCCESS,exec6,10,1,4.5427,113.3657,0
101,SUCCESS,exec6,10,1,7.0353,120.401,0
105,SUCCESS,exec6,10,1,4.013,124.414,0
109,SUCCESS,exec6,10,1,6.071,130.485,0
113,SUCCESS,exec6,10,1,2.733,133.218,0
117,SUCCESS,exec6,10,1,1.125,134.343,0
121,SUCCESS,exec6,10,1,2.054,136.397,0
125,SUCCESS,exec6,10,1,3.954,140.351,0
2,SUCCESS,exec6,10,2,4.2127,4.3127,0
6,SUCCESS,exec6,10,2,3.8113,8.124,0
10,SUCCESS,exec6,10,2,5.0893,13.2133,0
14,SUCCESS,exec6,10,2,4.249,17.4623,0
18,SUCCESS,exec6,10,2,6.4968,23.9592,0
22,SUCCESS,exec6,10,2,2.7993,26.7585,0
26,SUCCESS,exec6,10,2,4.2957,31.0542,0
30,SUCCESS,exec6,10,2,2.6458,33.7,0
34,SUCCESS,exec6,10,2,3.5375,37.2375,0
38,SUCCESS,exec6,10,2,1.865,39.1025,0
42,SUCCESS,exec6,10,2,4.376,43.4785,0
46,SUCCESS,exec6,10,2,1.2995,44.778,0
50,SUCCESS,exec6,10,2,3.15,47.928,0
54,SUCCESS,exec6,10,2,0.9733,48.9013,0
58,SUCCESS,exec6,10,2,4.2607,53.162,0
62,SUCCESS,exec6,10,2,5.515,58.677,0
66,SUCCESS,exec6,10,2,4.0522,62.7292,0
70,SUCCESS,exec6,10,2,4.0253,66.7545,0
74,SUCCESS,exec6,10,2,6.5085,73.263,0
78,SUCCESS,exec6,10,2,6.2987,79.5617,0
82,SUCCESS,exec6,10,2,1.9587,81.5203,0
86,SUCCESS,exec6,10,2,0.9333,82.4537,0
90,SUCCESS,exec6,10,2,3.723,86.1767,0
94,SUCCESS,exec6,10,2,0.8907,87.0673,0
98,SUCCESS,exec6,10,2,3.887,90.9543,0
102,SUCCESS,exec6,10,2,3.0167,93.971,0
106,SUCCESS,exec6,10,2,3.4013,97.3723,0
110,SUCCESS,exec6,10,2,5.8,103.1723,0
114,SUCCESS,exec6,10,2,1.8893,105.0617,0
118,SUCCESS,exec6,10,2,1.6013,106.663,0
122,SUCCESS,exec6,10,2,6.5927,113.2557,0
126,SUCCESS,exec6,10,2,1.0513,114.307,0
3,SUCCESS,exec6,10,3,2.18,2.28,0
7,SUCCESS,exec6,10,3,0.914,3.194,0
11,SUCCESS,exec6,10,3,1.9487,5.1427,0
15,SUCCESS,exec6,10,3,3.0913,8.234,0
19,SUCCESS,exec6,10,3,0.844,9.078,0
23,SUCCESS,exec6,10,3,4.4093,13.4873,0
27,SUCCESS,exec6,10,3,1.117,14.6043,0
31,SUCCESS,exec6,10,3,4.504,19.1083,0
35,SUCCESS,exec6,10,3,4.1835,23.2918,0
39,SUCCESS,exec6,10,3,0.7773,24.0692,0
43,SUCCESS,exec6,10,3,3.2053,27.2745,0
47,SUCCESS,exec6,10,3,1.015,28.2895,0
51,SUCCESS,exec6,10,3,0.979,29.2685,0
55,SUCCESS,exec6,10,3,2.1902,31.4587,0
59,SUCCESS,exec6,10,3,1.76,33.2187,0
63,SUCCESS,exec6,10,3,2.5548,35.7735,0
67,SUCCESS,exec6,10,3,3.077,38.8505,0
71,SUCCESS,exec6,10,3,4.7405,43.591,0
75,SUCCESS,exec6,10,3,4.047,47.638,0
79,SUCCESS,exec6,10,3,1.4803,49.1183,0
83,SUCCESS,exec6,10,3,4.5897,53.708,0
87,SUCCESS,exec6,10,3,4.375,58.083,0
91,SUCCESS,exec6,10,3,1.329,59.412,0
95,SUCCESS,exec6,10,3,2.166,61.578,0
99,SUCCESS,exec6,10,3,0.8325,62.4105,0
103,SUCCESS,exec6,10,3,4.454,66.8645,0
107,SUCCESS,exec6,10,3,2.8655,69.73,0
111,SUCCESS,exec6,10,3,0.713,70.443,0
115,SUCCESS,exec6,10,3,2.9845,73.4275,0
119,SUCCESS,exec6,10,3,1.442,74.8695,0
123,SUCCESS,exec6,10,3,2.4005,77.27,0
127,SUCCESS,exec6,10,3,2.4677,79.7377,0
0,SUCCESS,exec7,10,0,14.7043,14.8043,0
4,SUCCESS,exec7,10,0,12.055,26.8593,0
8,SUCCESS,exec7,10,0,7.9103,34.7697,0
12,SUCCESS,exec7,10,0,4.4743,39.244,0
16,SUCCESS,exec7,10,0,7.735,46.979,0
20,SUCCESS,exec7,10,0,7.352,54.331,0
24,SUCCESS,exec7,10,0,9.248,63.579,0
28,SUCCESS,exec7,10,0,5.2008,68.7798,0
32,SUCCESS,exec7,10,0,12.1083,80.8882,0
36,SUCCESS,exec7,10,0,6.1133,87.0015,0
40,SUCCESS,exec7,10,0,15.4515,102.453,0
44,SUCCESS,exec7,10,0,11.496,113.949,0
48,SUCCESS,exec7,10,0,8.4087,122.3577,0
52,SUCCESS,exec7,10,0,14.551,136.9087,0
56,SUCCESS,exec7,10,0,15.232,152.1407,0
60,SUCCESS,exec7,10,0,6.286,158.4267,0
64,SUCCESS,exec7,10,0,8.398,166.8247,0
68,SUCCESS,exec7,10,0,16.884,183.7087,0
72,SUCCESS,exec7,10,0,14.279,197.9877,0
76,SUCCESS,exec7,10,0,9.858,207.8457,0
80,SUCCESS,exec7,10,0,8.478,216.3237,0
84,SUCCESS,exec7,10,0,8.408,224.7317,0
88,SUCCESS,exec7,10,0,9.946,234.6777,0
92,SUCCESS,exec7,10,0,13.674,248.3517,0
96,SUCCESS,exec7,10,0,3.068,251.4197,0
100,SUCCESS,exec7,10,0,6.834,258.2537,0
104,SUCCESS,exec7,10,0,12.624,270.8777,0
108,SUCCESS,exec7,10,0,13.506,284.3837,0
112,SUCCESS,exec7,10,0,6.476,290.8597,0
116,SUCCESS,exec7,10,0,17.888,308.7477,0
120,SUCCESS,exec7,10,0,3.806,312.5537,0
124,SUCCESS,exec7,10,0,5.334,317.8877,0
1,SUCCESS,exec7,10,1,8.29,8.39,0
5,SUCCESS,exec7,10,1,7.8863,16.2763,0
9,SUCCESS,exec7,10,1,1.7005,17.9768,0
13,SUCCESS,exec7,10,1,3.5632,21.54,0
17,SUCCESS,exec7,10,1,3.0603,24.6003,0
21,SUCCESS,exec7,10,1,6.2183,30.8187,0
25,SUCCESS,exec7,10,1,4.4,35.2187,0
29,SUCCESS,exec7,10,1,5.8263,41.045,0
33,SUCCESS,exec7,10,1,9.4677,50.5127,0
37,SUCCESS,exec7,10,1,5.2773,55.79,0
41,SUCCESS,exec7,10,1,2.0543,57.8443,0
45,SUCCESS,exec7,10,1,2.476,60.3203,0
49,SUCCESS,exec7,10,1,6.6267,66.947,0
53,SUCCESS,exec7,10,1,7.802,74.749,0
57,SUCCESS,exec7,10,1,6.0292,80.7782,0
61,SUCCESS,exec7,10,1,9.327,90.1052,0
65,SUCCESS,exec7,10,1,9.7045,99.8097,0
69,SUCCESS,exec7,10,1,6.8777,106.6873,0
73,SUCCESS,exec7,10,1,4.941,111.6283,0
77,SUCCESS,exec7,10,1,9.8913,121.5197,0
81,SUCCESS,exec7,10,1,5.672,127.1917,0
85,SUCCESS,exec7,10,1,5.073,132.2647,0
89,SUCCESS,exec7,10,1,6.069,138.3337,0
93,SUCCESS,exec7,10,1,4.445,142.7787,0
97,SUCCESS,exec7,10,1,3.765,146.5437,0
101,SUCCESS,exec7,10,1,1.567,148.1107,0
105,SUCCESS,exec7,10,1,5.644,153.7547,0
109,SUCCESS,exec7,10,1,9.422,163.1767,0
113,SUCCESS,exec7,10,1,5.116,168.2927,0
117,SUCCESS,exec7,10,1,2.945,171.2377,0
121,SUCCESS,exec7,10,1,7.881,179.1187,0
125,SUCCESS,exec7,10,1,4.859,183.9777,0
2,SUCCESS,exec7,10,2,5.589,5.689,0
6,SUCCESS,exec7,10,2,6.5448,12.2338,0
10,SUCCESS,exec7,10,2,1.472,13.7058,0
14,SUCCESS,exec7,10,2,5.5277,19.2335,0
18,SUCCESS,exec7,10,2,4.9918,24.2253,0
22,SUCCESS,exec7,10,2,4.094,28.3193,0
26,SUCCESS,exec7,10,2,1.2433,29.5627,0
30,SUCCESS,exec7,10,2,1.743,31.3057,0
34,SUCCESS,exec7,10,2,4.4003,35.706,0
38,SUCCESS,exec7,10,2,4.075,39.781,0
42,SUCCESS,exec7,10,2,3.213,42.994,0
46,SUCCESS,exec7,10,2,4.845,47.839,0
50,SUCCESS,exec7,10,2,1.072,48.911,0
54,SUCCESS,exec7,10,2,0.7907,49.7017,0
58,SUCCESS,exec7,10,2,2.5823,52.284,0
62,SUCCESS,exec7,10,2,4.7493,57.0333,0
66,SUCCESS,exec7,10,2,3.873,60.9063,0
70,SUCCESS,exec7,10,2,0.9167,61.823,0
74,SUCCESS,exec7,10,2,3.572,65.395,0
78,SUCCESS,exec7,10,2,2.1053,67.5003,0
82,SUCCESS,exec7,10,2,4.0902,71.5905,0
86,SUCCESS,exec7,10,2,4.2598,75.8503,0
90,SUCCESS,exec7,10,2,3.4908,79.3412,0
94,SUCCESS,exec7,10,2,2.2903,81.6315,0
98,SUCCESS,exec7,10,2,6.3692,88.0007,0
102,SUCCESS,exec7,10,2,4.7695,92.7702,0
106,SUCCESS,exec7,10,2,3.4205,96.1907,0
110,SUCCESS,exec7,10,2,5.5603,101.751,0
114,SUCCESS,exec7,10,2,2.6173,104.3683,0
118,SUCCESS,exec7,10,2,5.697,110.0653,0
122,SUCCESS,exec7,10,2,3.1437,113.209,0
126,SUCCESS,exec7,10,2,0.8507,114.0597,0
3,SUCCESS,exec7,10,3,3.354,3.454,0
7,SUCCESS,exec7,10,3,0.7715,4.2255,0
11,SUCCESS,exec7,10,3,1.1835,5.409,0
15,SUCCESS,exec7,10,3,2.643,8.052,0
19,SUCCESS,exec7,10,3,3.6265,11.6785,0
23,SUCCESS,exec7,10,3,2.8158,14.4943,0
27,SUCCESS,exec7,10,3,2.1925,16.6868,0
31,SUCCESS,exec7,10,3,3.5192,20.206,0
35,SUCCESS,exec7,10,3,4.6218,24.8278,0
39,SUCCESS,exec7,10,3,1.5895,26.4173,0
43,SUCCESS,exec7,10,3,4.7223,31.1397,0
47,SUCCESS,exec7,10,3,4.9243,36.064,0
51,SUCCESS,exec7,10,3,3.541,39.605,0
55,SUCCESS,exec7,10,3,3.279,42.884,0
59,SUCCESS,exec7,10,3,2.857,45.741,0
63,SUCCESS,exec7,10,3,3.28,49.021,0
67,SUCCESS,exec7,10,3,4.28,53.301,0
71,SUCCESS,exec7,10,3,2.599,55.9,0
75,SUCCESS,exec7,10,3,4.8963,60.7963,0
79,SUCCESS,exec7,10,3,2.8927,63.689,0
83,SUCCESS,exec7,10,3,4.9808,68.6698,0
87,SUCCESS,exec7,10,3,3.8412,72.511,0
91,SUCCESS,exec7,10,3,4.4748,76.9858,0
95,SUCCESS,exec7,10,3,1.242,78.2278,0
99,SUCCESS,exec7,10,3,4.9467,83.1745,0
103,SUCCESS,exec7,10,3,1.869,85.0435,0
107,SUCCESS,exec7,10,3,2.4065,87.45,0
111,SUCCESS,exec7,10,3,1.6612,89.1112,0
115,SUCCESS,exec7,10,3,2.751,91.8622,0
119,SUCCESS,exec7,10,3,1.427,93.2892,0
123,SUCCESS,exec7,10,3,1.9615,95.2507,0
127,SUCCESS,exec7,10,3,1.703,96.9537,0
0,SUCCESS,exec8,10,0,8.0703,8.1703,0
4,SUCCESS,exec8,10,0,16.4862,24.6565,0
8,SUCCESS,exec8,10,0,7.4508,32.1073,0
12,SUCCESS,exec8,10,0,14.7212,46.8285,0
16,SUCCESS,exec8,10,0,16.6583,63.4868,0
20,SUCCESS,exec8,10,0,13.2952,76.782,0
24,SUCCESS,exec8,10,0,13.9237,90.7057,0
28,SUCCESS,exec8,10,0,14.5207,105.2263,0
32,SUCCESS,exec8,10,0,15.5357,120.762,0
36,SUCCESS,exec8,10,0,8.864,129.626,0
40,SUCCESS,exec8,10,0,6.562,136.188,0
44,SUCCESS,exec8,10,0,5.962,142.15,0
48,SUCCESS,exec8,10,0,4.286,146.436,0
52,SUCCESS,exec8,10,0,12.222,158.658,0
56,SUCCESS,exec8,10,0,11.352,170.01,0
60,SUCCESS,exec8,10,0,6.078,176.088,0
64,SUCCESS,exec8,10,0,13.61,189.698,0
68,SUCCESS,exec8,10,0,8.412,198.11,0
72,SUCCESS,exec8,10,0,15.166,213.276,0
76,SUCCESS,exec8,10,0,13.192,226.468,0
80,SUCCESS,exec8,10,0,16.816,243.284,0
84,SUCCESS,exec8,10,0,10.026,253.31,0
88,SUCCESS,exec8,10,0,16.998,270.308,0
92,SUCCESS,exec8,10,0,18.42,288.728,0
96,SUCCESS,exec8,10,0,8.758,297.486,0
100,SUCCESS,exec8,10,0,14.942,312.428,0
104,SUCCESS,exec8,10,0,8.928,321.356,0
108,SUCCESS,exec8,10,0,6.254,327.61,0
112,SUCCESS,exec8,10,0,12.27,339.88,0
116,SUCCESS,exec8,10,0,3.194,343.074,0
120,SUCCESS,exec8,10,0,5.386,348.46,0
124,SUCCESS,exec8,10,0,12.372,360.832,0
1,SUCCESS,exec8,10,1,4.383,4.483,0
5,SUCCESS,exec8,10,1,1.3203,5.8033,0
9,SUCCESS,exec8,10,1,6.7348,12.5382,0
13,SUCCESS,exec8,10,1,9.3993,21.9375,0
17,SUCCESS,exec8,10,1,9.4838,31.4213,0
21,SUCCESS,exec8,10,1,1.888,33.3093,0
25,SUCCESS,exec8,10,1,7.7237,41.033,0
29,SUCCESS,exec8,10,1,3.0228,44.0558,0
33,SUCCESS,exec8,10,1,2.8827,46.9385,0
37,SUCCESS,exec8,10,1,4.8663,51.8048,0
41,SUCCESS,exec8,10,1,1.116,52.9208,0
45,SUCCESS,exec8,10,1,5.2447,58.1655,0
49,SUCCESS,exec8,10,1,9.6908,67.8563,0
53,SUCCESS,exec8,10,1,5.553,73.4093,0
57,SUCCESS,exec8,10,1,2.734,76.1433,0
61,SUCCESS,exec8,10,1,9.8105,85.9538,0
65,SUCCESS,exec8,10,1,1.539,87.4928,0
69,SUCCESS,exec8,10,1,1.437,88.9298,0
73,SUCCESS,exec8,10,1,1.1613,90.0912,0
77,SUCCESS,exec8,10,1,4.5135,94.6047,0
81,SUCCESS,exec8,10,1,4.6183,99.223,0
85,SUCCESS,exec8,10,1,8.8263,108.0493,0
89,SUCCESS,exec8,10,1,7.1727,115.222,0
93,SUCCESS,exec8,10,1,9.536,124.758,0
97,SUCCESS,exec8,10,1,8.088,132.846,0
101,SUCCESS,exec8,10,1,2.014,134.86,0
105,SUCCESS,exec8,10,1,6.77,141.63,0
109,SUCCESS,exec8,10,1,7.475,149.105,0
113,SUCCESS,exec8,10,1,4.621,153.726,0
117,SUCCESS,exec8,10,1,5.913,159.639,0
121,SUCCESS,exec8,10,1,9.915,169.554,0
125,SUCCESS,exec8,10,1,6.644,176.198,0
2,SUCCESS,exec8,10,2,4.6703,4.7703,0
6,SUCCESS,exec8,10,2,3.8573,8.6277,0
10,SUCCESS,exec8,10,2,4.8702,13.4978,0
14,SUCCESS,exec8,10,2,4.352,17.8498,0
18,SUCCESS,exec8,10,2,2.5277,20.3775,0
22,SUCCESS,exec8,10,2,4.479,24.8565,0
26,SUCCESS,exec8,10,2,3.3318,28.1883,0
30,SUCCESS,exec8,10,2,3.123,31.3113,0
34,SUCCESS,exec8,10,2,2.6013,33.9127,0
38,SUCCESS,exec8,10,2,4.5675,38.4802,0
42,SUCCESS,exec8,10,2,1.7513,40.2315,0
46,SUCCESS,exec8,10,2,3.4043,43.6358,0
50,SUCCESS,exec8,10,2,2.3267,45.9625,0
54,SUCCESS,exec8,10,2,1.1993,47.1618,0
58,SUCCESS,exec8,10,2,2.9755,50.1373,0
62,SUCCESS,exec8,10,2,1.3345,51.4718,0
66,SUCCESS,exec8,10,2,1.165,52.6368,0
70,SUCCESS,exec8,10,2,5.2717,57.9085,0
74,SUCCESS,exec8,10,2,3.3102,61.2187,0
78,SUCCESS,exec8,10,2,2.0442,63.2628,0
82,SUCCESS,exec8,10,2,5.5195,68.7823,0
86,SUCCESS,exec8,10,2,5.773,74.5553,0
90,SUCCESS,exec8,10,2,2.0487,76.604,0
94,SUCCESS,exec8,10,2,5.4763,82.0803,0
98,SUCCESS,exec8,10,2,2.423,84.5033,0
102,SUCCESS,exec8,10,2,5.1918,89.6952,0
106,SUCCESS,exec8,10,2,5.3368,95.032,0
110,SUCCESS,exec8,10,2,4.9983,100.0303,0
114,SUCCESS,exec8,10,2,2.694,102.7243,0
118,SUCCESS,exec8,10,2,5.9883,108.7127,0
122,SUCCESS,exec8,10,2,1.6093,110.322,0
126,SUCCESS,exec8,10,2,2.934,113.256,0
3,SUCCESS,exec8,10,3,0.861,0.961,0
7,SUCCESS,exec8,10,3,4.0953,5.0563,0
11,SUCCESS,exec8,10,3,0.992,6.0483,0
15,SUCCESS,exec8,10,3,3.8888,9.9372,0
19,SUCCESS,exec8,10,3,3,12.9372,0
23,SUCCESS,exec8,10,3,2.2052,15.1423,0
27,SUCCESS,exec8,10,3,1.3655,16.5078,0
31,SUCCESS,exec8,10,3,1.503,18.0108,0
35,SUCCESS,exec8,10,3,3.5697,21.5805,0
39,SUCCESS,exec8,10,3,2.242,23.8225,0
43,SUCCESS,exec8,10,3,3.7665,27.589,0
47,SUCCESS,exec8,10,3,2.2823,29.8713,0
51,SUCCESS,exec8,10,3,3.642,33.5133,0
55,SUCCESS,exec8,10,3,3.5388,37.0522,0
59,SUCCESS,exec8,10,3,3.5388,40.591,0
63,SUCCESS,exec8,10,3,2.7595,43.3505,0
67,SUCCESS,exec8,10,3,3.29,46.6405,0
71,SUCCESS,exec8,10,3,0.9808,47.6213,0
75,SUCCESS,exec8,10,3,2.626,50.2473,0
79,SUCCESS,exec8,10,3,0.6985,50.9458,0
83,SUCCESS,exec8,10,3,4.54,55.4858,0
87,SUCCESS,exec8,10,3,4.3462,59.832,0
91,SUCCESS,exec8,10,3,3.3202,63.1522,0
95,SUCCESS,exec8,10,3,2.2312,65.3833,0
99,SUCCESS,exec8,10,3,3.942,69.3253,0
103,SUCCESS,exec8,10,3,3.511,72.8363,0
107,SUCCESS,exec8,10,3,1.609,74.4453,0
111,SUCCESS,exec8,10,3,3.1482,77.5935,0
115,SUCCESS,exec8,10,3,1.1915,78.785,0
119,SUCCESS,exec8,10,3,4.2943,83.0793,0
123,SUCCESS,exec8,10,3,2.2325,85.3118,0
127,SUCCESS,exec8,10,3,4.9598,90.2717,0
0,SUCCESS,exec9,10,0,19.9778,20.0778,0
4,SUCCESS,exec9,10,0,2.652,22.7298,0
8,SUCCESS,exec9,10,0,12.5357,35.2655,0
12,SUCCESS,exec9,10,0,15.6,50.8655,0
16,SUCCESS,exec9,10,0,8.374,59.2395,0
20,SUCCESS,exec9,10,0,7.8377,67.0772,0
24,SUCCESS,exec9,10,0,18.313,85.3902,0
28,SUCCESS,exec9,10,0,14.174,99.5642,0
32,SUCCESS,exec9,10,0,14.6273,114.1915,0
36,SUCCESS,exec9,10,0,9.5267,123.7182,0
40,SUCCESS,exec9,10,0,9.0923,132.8105,0
44,SUCCESS,exec9,10,0,15.94,148.7505,0
48,SUCCESS,exec9,10,0,5.434,154.1845,0
52,SUCCESS,exec9,10,0,16.332,170.5165,0
56,SUCCESS,exec9,10,0,9.612,180.1285,0
60,SUCCESS,exec9,10,0,9.866,189.9945,0
64,SUCCESS,exec9,10,0,16.426,206.4205,0
68,SUCCESS,exec9,10,0,13.59,220.0105,0
72,SUCCESS,exec9,10,0,6.866,226.8765,0
76,SUCCESS,exec9,10,0,18.266,245.1425,0
80,SUCCESS,exec9,10,0,19.556,264.6985,0
84,SUCCESS,exec9,10,0,12.36,277.0585,0
88,SUCCESS,exec9,10,0,12.772,289.8305,0
92,SUCCESS,exec9,10,0,9.794,299.6245,0
96,SUCCESS,exec9,10,0,19.678,319.3025,0
100,SUCCESS,exec9,10,0,16.274,335.5765,0
104,SUCCESS,exec9,10,0,15.648,351.2245,0
108,SUCCESS,exec9,10,0,12.274,363.4985,0
112,SUCCESS,exec9,10,0,16.588,380.0865,0
116,SUCCESS,exec9,10,0,2.952,383.0385,0
120,SUCCESS,exec9,10,0,15.07,398.1085,0
124,SUCCESS,exec9,10,0,13.52,411.6285,0
1,SUCCESS,exec9,10,1,2.714,2.814,0
5,SUCCESS,exec9,10,1,5.2003,8.0143,0
9,SUCCESS,exec9,10,1,8.1178,16.1322,0
13,SUCCESS,exec9,10,1,8.7527,24.8848,0
17,SUCCESS,exec9,10,1,6.0692,30.954,0
21,SUCCESS,exec9,10,1,6.7652,37.7192,0
25,SUCCESS,exec9,10,1,8.902,46.6212,0
29,SUCCESS,exec9,10,1,4.8733,51.4945,0
33,SUCCESS,exec9,10,1,3.778,55.2725,0
37,SUCCESS,exec9,10,1,3.377,58.6495,0
41,SUCCESS,exec9,10,1,5.9857,64.6352,0
45,SUCCESS,exec9,10,1,4.9515,69.5867,0
49,SUCCESS,exec9,10,1,6.7268,76.3135,0
53,SUCCESS,exec9,10,1,8.4387,84.7522,0
57,SUCCESS,exec9,10,1,5.539,90.2912,0
61,SUCCESS,exec9,10,1,4.513,94.8042,0
65,SUCCESS,exec9,10,1,4.114,98.9182,0
69,SUCCESS,exec9,10,1,2.6263,101.5445,0
73,SUCCESS,exec9,10,1,2.5273,104.0718,0
77,SUCCESS,exec9,10,1,4.137,108.2088,0
81,SUCCESS,exec9,10,1,3.7367,111.9455,0
85,SUCCESS,exec9,10,1,5.812,117.7575,0
89,SUCCESS,exec9,10,1,9.71,127.4675,0
93,SUCCESS,exec9,10,1,1.359,128.8265,0
97,SUCCESS,exec9,10,1,3.874,132.7005,0
101,SUCCESS,exec9,10,1,1.754,134.4545,0
105,SUCCESS,exec9,10,1,7.452,141.9065,0
109,SUCCESS,exec9,10,1,8.98,150.8865,0
113,SUCCESS,exec9,10,1,1.628,152.5145,0
117,SUCCESS,exec9,10,1,7.364,159.8785,0
121,SUCCESS,exec9,10,1,3.77,163.6485,0
125,SUCCESS,exec9,10,1,4.492,168.1405,0
2,SUCCESS,exec9,10,2,5.1618,5.2618,0
6,SUCCESS,exec9,10,2,4.6908,9.9527,0
10,SUCCESS,exec9,10,2,3.0825,13.0352,0
14,SUCCESS,exec9,10,2,5.9197,18.9548,0
18,SUCCESS,exec9,10,2,2.615,21.5698,0
22,SUCCESS,exec9,10,2,3.425,24.9948,0
26,SUCCESS,exec9,10,2,5.7122,30.707,0
30,SUCCESS,exec9,10,2,5.5325,36.2395,0
34,SUCCESS,exec9,10,2,0.8867,37.1262,0
38,SUCCESS,exec9,10,2,5.629,42.7552,0
42,SUCCESS,exec9,10,2,5.3123,48.0675,0
46,SUCCESS,exec9,10,2,5.657,53.7245,0
50,SUCCESS,exec9,10,2,4.309,58.0335,0
54,SUCCESS,exec9,10,2,2.5793,60.6128,0
58,SUCCESS,exec9,10,2,1.6072,62.22,0
62,SUCCESS,exec9,10,2,1.2362,63.4562,0
66,SUCCESS,exec9,10,2,2.117,65.5732,0
70,SUCCESS,exec9,10,2,5.842,71.4152,0
74,SUCCESS,exec9,10,2,2.0663,73.4815,0
78,SUCCESS,exec9,10,2,4.016,77.4975,0
82,SUCCESS,exec9,10,2,6.4707,83.9682,0
86,SUCCESS,exec9,10,2,3.26,87.2282,0
90,SUCCESS,exec9,10,2,3.7517,90.9798,0
94,SUCCESS,exec9,10,2,1.5253,92.5052,0
98,SUCCESS,exec9,10,2,4.125,96.6302,0
102,SUCCESS,exec9,10,2,4.4733,101.1035,0
106,SUCCESS,exec9,10,2,2.3603,103.4638,0
110,SUCCESS,exec9,10,2,2.986,106.4498,0
114,SUCCESS,exec9,10,2,3.7477,110.1975,0
118,SUCCESS,exec9,10,2,6.414,116.6115,0
122,SUCCESS,exec9,10,2,2.5847,119.1962,0
126,SUCCESS,exec9,10,2,4.8113,124.0075,0
3,SUCCESS,exec9,10,3,3.6785,3.7785,0
7,SUCCESS,exec9,10,3,2.0433,5.8218,0
11,SUCCESS,exec9,10,3,2.0825,7.9043,0
15,SUCCESS,exec9,10,3,0.6065,8.5108,0
19,SUCCESS,exec9,10,3,0.8845,9.3953,0
23,SUCCESS,exec9,10,3,1.7358,11.1312,0
27,SUCCESS,exec9,10,3,1.56,12.6912,0
31,SUCCESS,exec9,10,3,1.602,14.2932,0
35,SUCCESS,exec9,10,3,4.9807,19.2738,0
39,SUCCESS,exec9,10,3,3.975,23.2488,0
43,SUCCESS,exec9,10,3,3.924,27.1728,0
47,SUCCESS,exec9,10,3,0.87,28.0428,0
51,SUCCESS,exec9,10,3,2.0255,30.0683,0
55,SUCCESS,exec9,10,3,2.1007,32.169,0
59,SUCCESS,exec9,10,3,2.2545,34.4235,0
63,SUCCESS,exec9,10,3,4.6247,39.0482,0
67,SUCCESS,exec9,10,3,2.763,41.8112,0
71,SUCCESS,exec9,10,3,0.834,42.6452,0
75,SUCCESS,exec9,10,3,3.103,45.7482,0
79,SUCCESS,exec9,10,3,1.52,47.2682,0
83,SUCCESS,exec9,10,3,3.7073,50.9755,0
87,SUCCESS,exec9,10,3,4.926,55.9015,0
91,SUCCESS,exec9,10,3,4.8998,60.8013,0
95,SUCCESS,exec9,10,3,2.0622,62.8635,0
99,SUCCESS,exec9,10,3,2.0977,64.9612,0
103,SUCCESS,exec9,10,3,3.3715,68.3327,0
107,SUCCESS,exec9,10,3,2.8405,71.1732,0
111,SUCCESS,exec9,10,3,1.553,72.7262,0
115,SUCCESS,exec9,10,3,1.7328,74.459,0
119,SUCCESS,exec9,10,3,0.5895,75.0485,0
123,SUCCESS,exec9,10,3,3.207,78.2555,0
127,SUCCESS,exec9,10,3,3.574,81.8295,0
