1049,SUCCESS,exec1,10,0,2.002,2.102,0
503,SUCCESS,exec1,10,0,2.0037,4.1057,0
2009,SUCCESS,exec1,10,0,2.01,6.1157,0
1941,SUCCESS,exec1,10,0,2.0115,8.1272,0
1826,SUCCESS,exec1,10,0,2.015,10.1422,0
1106,SUCCESS,exec1,10,0,2.0163,12.1585,0
413,SUCCESS,exec1,10,0,2.0187,14.1772,0
1688,SUCCESS,exec1,10,0,2.021,16.1982,0
625,SUCCESS,exec1,10,0,2.0293,18.2275,0
1855,SUCCESS,exec1,10,0,2.04,20.2675,0
1919,SUCCESS,exec1,10,0,2.0543,22.3218,0
328,SUCCESS,exec1,10,0,2.0653,24.3872,0
136,SUCCESS,exec1,10,0,2.0735,26.4607,0
1078,SUCCESS,exec1,10,0,2.0747,28.5353,0
553,SUCCESS,exec1,10,0,2.077,30.6123,0
1864,SUCCESS,exec1,10,0,2.0773,32.6897,0
76,SUCCESS,exec1,10,0,2.0795,34.7692,0
230,SUCCESS,exec1,10,0,2.092,36.8612,0
810,SUCCESS,exec1,10,0,2.0902,38.9513,0
113,SUCCESS,exec1,10,0,2.208,41.1593,0
1968,SUCCESS,exec1,10,0,2.116,43.2753,0
1120,SUCCESS,exec1,10,0,2.1228,45.3982,0
1146,SUCCESS,exec1,10,0,2.14,47.5382,0
204,SUCCESS,exec1,10,0,2.2323,49.7705,0
1629,SUCCESS,exec1,10,0,2.148,51.9185,0
1230,SUCCESS,exec1,10,0,2.1615,54.08,0
1024,SUCCESS,exec1,10,0,2.1683,56.2483,0
1008,SUCCESS,exec1,10,0,2.174,58.4223,0
1777,SUCCESS,exec1,10,0,2.1757,60.598,0
110,SUCCESS,exec1,10,0,2.181,62.779,0
1263,SUCCESS,exec1,10,0,2.1955,64.9745,0
428,SUCCESS,exec1,10,0,2.2187,67.1932,0
523,SUCCESS,exec1,10,0,2.3255,69.5187,0
347,SUCCESS,exec1,10,0,2.3115,71.8302,0
1891,SUCCESS,exec1,10,0,2.2287,74.0588,0
1343,SUCCESS,exec1,10,0,2.239,76.2978,0
1328,SUCCESS,exec1,10,0,2.243,78.5408,0
1872,SUCCESS,exec1,10,0,2.2467,80.7875,0
724,SUCCESS,exec1,10,0,2.253,83.0405,0
1815,SUCCESS,exec1,10,0,2.2603,85.3008,0
1887,SUCCESS,exec1,10,0,2.2615,87.5623,0
1093,SUCCESS,exec1,10,0,2.272,89.8343,0
1234,SUCCESS,exec1,10,0,2.271,92.1053,0
1521,SUCCESS,exec1,10,0,2.2745,94.3798,0
547,SUCCESS,exec1,10,0,2.28,96.6598,0
742,SUCCESS,exec1,10,0,2.306,98.9658,0
768,SUCCESS,exec1,10,0,2.42,101.3858,0
1764,SUCCESS,exec1,10,0,2.316,103.7018,0
1598,SUCCESS,exec1,10,0,2.3165,106.0183,0
942,SUCCESS,exec1,10,0,2.3333,108.3517,0
717,SUCCESS,exec1,10,0,2.343,110.6947,0
151,SUCCESS,exec1,10,0,2.3515,113.0462,0
589,SUCCESS,exec1,10,0,2.3527,115.3988,0
1963,SUCCESS,exec1,10,0,2.356,117.7548,0
1414,SUCCESS,exec1,10,0,2.3583,120.1132,0
449,SUCCESS,exec1,10,0,2.3675,122.4807,0
493,SUCCESS,exec1,10,0,2.3755,124.8562,0
912,SUCCESS,exec1,10,0,2.3777,127.2338,0
1181,SUCCESS,exec1,10,0,2.3878,129.6217,0
340,SUCCESS,exec1,10,0,2.396,132.0177,0
914,SUCCESS,exec1,10,0,2.3987,134.4163,0
1344,SUCCESS,exec1,10,0,2.4037,136.82,0
608,SUCCESS,exec1,10,0,2.495,139.315,0
1582,SUCCESS,exec1,10,0,2.41,141.725,0
1836,SUCCESS,exec1,10,0,2.4202,144.1452,0
191,SUCCESS,exec1,10,0,2.423,146.5682,0
743,SUCCESS,exec1,10,0,2.423,148.9912,0
232,SUCCESS,exec1,10,0,2.4242,151.4153,0
1272,SUCCESS,exec1,10,0,2.436,153.8513,0
1482,SUCCESS,exec1,10,0,2.4367,156.288,0
1806,SUCCESS,exec1,10,0,2.454,158.742,0
28,SUCCESS,exec1,10,0,2.5627,161.3047,0
1132,SUCCESS,exec1,10,0,2.4725,163.7772,0
877,SUCCESS,exec1,10,0,2.479,166.2562,0
1873,SUCCESS,exec1,10,0,2.4887,168.7448,0
1985,SUCCESS,exec1,10,0,2.507,171.2518,0
1323,SUCCESS,exec1,10,0,2.517,173.7688,0
159,SUCCESS,exec1,10,0,2.519,176.2878,0
1549,SUCCESS,exec1,10,0,2.524,178.8118,0
1842,SUCCESS,exec1,10,0,2.5238,181.3357,0
999,SUCCESS,exec1,10,0,2.529,183.8647,0
1185,SUCCESS,exec1,10,0,2.5477,186.4123,0
1466,SUCCESS,exec1,10,0,2.551,188.9633,0
346,SUCCESS,exec1,10,0,2.5673,191.5307,0
1863,SUCCESS,exec1,10,0,2.5717,194.1023,0
868,SUCCESS,exec1,10,0,2.576,196.6783,0
345,SUCCESS,exec1,10,0,2.5917,199.27,0
796,SUCCESS,exec1,10,0,2.5998,201.8698,0
1384,SUCCESS,exec1,10,0,2.6,204.4698,0
1047,SUCCESS,exec1,10,0,2.603,207.0728,0
313,SUCCESS,exec1,10,0,2.6135,209.6863,0
462,SUCCESS,exec1,10,0,2.6207,212.307,0
617,SUCCESS,exec1,10,0,2.622,214.929,0
1967,SUCCESS,exec1,10,0,2.6337,217.5627,0
396,SUCCESS,exec1,10,0,2.6472,220.2098,0
409,SUCCESS,exec1,10,0,2.6503,222.8602,0
1088,SUCCESS,exec1,10,0,2.6515,225.5117,0
1048,SUCCESS,exec1,10,0,2.6575,228.1692,0
1121,SUCCESS,exec1,10,0,2.6593,230.8285,0
197,SUCCESS,exec1,10,0,2.662,233.4905,0
1626,SUCCESS,exec1,10,0,2.6695,236.16,0
71,SUCCESS,exec1,10,0,2.6955,238.8555,0
1996,SUCCESS,exec1,10,0,2.694,241.5495,0
1766,SUCCESS,exec1,10,0,2.7503,244.2998,0
958,SUCCESS,exec1,10,0,2.7155,247.0153,0
1335,SUCCESS,exec1,10,0,2.7277,249.743,0
1165,SUCCESS,exec1,10,0,2.7313,252.4743,0
535,SUCCESS,exec1,10,0,2.7362,255.2105,0
682,SUCCESS,exec1,10,0,2.8025,258.013,0
1854,SUCCESS,exec1,10,0,2.7457,260.7587,0
1365,SUCCESS,exec1,10,0,2.7518,263.5105,0
806,SUCCESS,exec1,10,0,2.7595,266.27,0
233,SUCCESS,exec1,10,0,2.762,269.032,0
1694,SUCCESS,exec1,10,0,2.7713,271.8033,0
2018,SUCCESS,exec1,10,0,2.7785,274.5818,0
20,SUCCESS,exec1,10,0,2.8073,277.3892,0
1363,SUCCESS,exec1,10,0,2.809,280.1982,0
652,SUCCESS,exec1,10,0,2.8155,283.0137,0
114,SUCCESS,exec1,10,0,2.8222,285.8358,0
1435,SUCCESS,exec1,10,0,2.8317,288.6675,0
2046,SUCCESS,exec1,10,0,2.864,291.5315,0
1016,SUCCESS,exec1,10,0,2.871,294.4025,0
62,SUCCESS,exec1,10,0,2.883,297.2855,0
1869,SUCCESS,exec1,10,0,2.884,300.1695,0
1214,SUCCESS,exec1,10,0,2.8918,303.0613,0
1058,SUCCESS,exec1,10,0,2.894,305.9553,0
1501,SUCCESS,exec1,10,0,2.9,308.8553,0
1507,SUCCESS,exec1,10,0,2.905,311.7603,0
1356,SUCCESS,exec1,10,0,2.9075,314.6678,0
1803,SUCCESS,exec1,10,0,2.9275,317.5953,0
1,SUCCESS,exec1,10,0,2.941,320.5363,0
1315,SUCCESS,exec1,10,0,2.945,323.4813,0
1793,SUCCESS,exec1,10,0,2.9447,326.426,0
1110,SUCCESS,exec1,10,0,2.9532,329.3792,0
1033,SUCCESS,exec1,10,0,2.963,332.3422,0
1411,SUCCESS,exec1,10,0,3.0317,335.3738,0
1726,SUCCESS,exec1,10,0,2.9757,338.3495,0
1107,SUCCESS,exec1,10,0,2.9762,341.3257,0
1494,SUCCESS,exec1,10,0,2.9805,344.3062,0
1557,SUCCESS,exec1,10,0,2.983,347.2892,0
59,SUCCESS,exec1,10,0,2.985,350.2742,0
46,SUCCESS,exec1,10,0,2.9867,353.2608,0
832,SUCCESS,exec1,10,0,2.9877,356.2485,0
654,SUCCESS,exec1,10,0,3.0053,359.2538,0
1461,SUCCESS,exec1,10,0,3.0045,362.2583,0
720,SUCCESS,exec1,10,0,3.0122,365.2705,0
1771,SUCCESS,exec1,10,0,3.0195,368.29,0
672,SUCCESS,exec1,10,0,3.1193,371.4093,0
700,SUCCESS,exec1,10,0,3.0413,374.4507,0
1712,SUCCESS,exec1,10,0,3.0402,377.4908,0
1988,SUCCESS,exec1,10,0,3.0425,380.5333,0
271,SUCCESS,exec1,10,0,3.0495,383.5828,0
33,SUCCESS,exec1,10,0,3.051,386.6338,0
992,SUCCESS,exec1,10,0,3.0638,389.6977,0
247,SUCCESS,exec1,10,0,3.0645,392.7622,0
1124,SUCCESS,exec1,10,0,3.07,395.8322,0
334,SUCCESS,exec1,10,0,3.0707,398.9028,0
31,SUCCESS,exec1,10,0,3.082,401.9848,0
1636,SUCCESS,exec1,10,0,3.0803,405.0652,0
2,SUCCESS,exec1,10,0,3.0908,408.156,0
1413,SUCCESS,exec1,10,0,3.166,411.322,0
1738,SUCCESS,exec1,10,0,3.106,414.428,0
1118,SUCCESS,exec1,10,0,3.1212,417.5492,0
586,SUCCESS,exec1,10,0,3.1333,420.6825,0
170,SUCCESS,exec1,10,0,3.1557,423.8382,0
1520,SUCCESS,exec1,10,0,3.16,426.9982,0
748,SUCCESS,exec1,10,0,3.1827,430.1808,0
1098,SUCCESS,exec1,10,0,3.166,433.3468,0
1412,SUCCESS,exec1,10,0,3.1673,436.5142,0
1064,SUCCESS,exec1,10,0,3.1873,439.7015,0
1253,SUCCESS,exec1,10,0,3.1933,442.8948,0
858,SUCCESS,exec1,10,0,3.1972,446.092,0
1851,SUCCESS,exec1,10,0,3.2038,449.2958,0
662,SUCCESS,exec1,10,0,3.2045,452.5003,0
1819,SUCCESS,exec1,10,0,3.2043,455.7047,0
1316,SUCCESS,exec1,10,0,3.2227,458.9273,0
267,SUCCESS,exec1,10,0,3.248,462.1753,0
1174,SUCCESS,exec1,10,0,3.2683,465.4437,0
559,SUCCESS,exec1,10,0,3.2883,468.732,0
1742,SUCCESS,exec1,10,0,3.2955,472.0275,0
1240,SUCCESS,exec1,10,0,3.3725,475.4,0
270,SUCCESS,exec1,10,0,3.397,478.797,0
920,SUCCESS,exec1,10,0,3.324,482.121,0
1697,SUCCESS,exec1,10,0,3.3223,485.4433,0
1681,SUCCESS,exec1,10,0,3.3268,488.7702,0
1768,SUCCESS,exec1,10,0,3.3367,492.1068,0
601,SUCCESS,exec1,10,0,3.342,495.4488,0
1961,SUCCESS,exec1,10,0,3.3527,498.8015,0
246,SUCCESS,exec1,10,0,3.3565,502.158,0
1079,SUCCESS,exec1,10,0,3.3623,505.5203,0
1390,SUCCESS,exec1,10,0,3.3657,508.886,0
1151,SUCCESS,exec1,10,0,3.3677,512.2537,0
1809,SUCCESS,exec1,10,0,3.368,515.6217,0
1580,SUCCESS,exec1,10,0,3.3698,518.9915,0
1537,SUCCESS,exec1,10,0,3.3872,522.3787,0
1892,SUCCESS,exec1,10,0,3.387,525.7657,0
695,SUCCESS,exec1,10,0,3.3925,529.1582,0
844,SUCCESS,exec1,10,0,3.4005,532.5587,0
1984,SUCCESS,exec1,10,0,3.409,535.9677,0
1526,SUCCESS,exec1,10,0,3.4468,539.4145,0
967,SUCCESS,exec1,10,0,3.4552,542.8697,0
1279,SUCCESS,exec1,10,0,3.4623,546.332,0
1513,SUCCESS,exec1,10,0,3.4768,549.8088,0
1964,SUCCESS,exec1,10,0,3.482,553.2908,0
1003,SUCCESS,exec1,10,0,3.494,556.7848,0
1785,SUCCESS,exec1,10,0,3.5143,560.2992,0
517,SUCCESS,exec1,10,0,3.543,563.8422,0
1303,SUCCESS,exec1,10,0,3.5887,567.4308,0
394,SUCCESS,exec1,10,0,3.5538,570.9847,0
326,SUCCESS,exec1,10,0,3.5575,574.5422,0
400,SUCCESS,exec1,10,0,3.5578,578.1,0
1331,SUCCESS,exec1,10,0,3.5572,581.6572,0
1265,SUCCESS,exec1,10,0,3.572,585.2292,0
1225,SUCCESS,exec1,10,0,3.5803,588.8095,0
107,SUCCESS,exec1,10,0,3.5982,592.4077,0
534,SUCCESS,exec1,10,0,3.5983,596.006,0
1458,SUCCESS,exec1,10,0,3.6013,599.6073,0
1499,SUCCESS,exec1,10,0,3.61,603.2173,0
841,SUCCESS,exec1,10,0,3.624,606.8413,0
1009,SUCCESS,exec1,10,0,3.7453,610.5867,0
467,SUCCESS,exec1,10,0,3.655,614.2417,0
1553,SUCCESS,exec1,10,0,3.681,617.9227,0
103,SUCCESS,exec1,10,0,3.6923,621.615,0
1268,SUCCESS,exec1,10,0,3.6953,625.3103,0
441,SUCCESS,exec1,10,0,3.7022,629.0125,0
1739,SUCCESS,exec1,10,0,3.7095,632.722,0
2023,SUCCESS,exec1,10,0,3.7135,636.4355,0
257,SUCCESS,exec1,10,0,3.7173,640.1528,0
1383,SUCCESS,exec1,10,0,3.7318,643.8847,0
2030,SUCCESS,exec1,10,0,3.7373,647.622,0
1937,SUCCESS,exec1,10,0,3.7412,651.3632,0
904,SUCCESS,exec1,10,0,3.7613,655.1245,0
1304,SUCCESS,exec1,10,0,3.761,658.8855,0
677,SUCCESS,exec1,10,0,3.7642,662.6497,0
1881,SUCCESS,exec1,10,0,3.79,666.4397,0
500,SUCCESS,exec1,10,0,3.7927,670.2323,0
1651,SUCCESS,exec1,10,0,3.8167,674.049,0
1695,SUCCESS,exec1,10,0,3.8282,677.8772,0
1706,SUCCESS,exec1,10,0,3.8308,681.708,0
1991,SUCCESS,exec1,10,0,3.856,685.564,0
1066,SUCCESS,exec1,10,0,3.8693,689.4333,0
305,SUCCESS,exec1,10,0,3.8787,693.312,0
784,SUCCESS,exec1,10,0,3.8927,697.2047,0
1095,SUCCESS,exec1,10,0,3.9705,701.1752,0
444,SUCCESS,exec1,10,0,3.9067,705.0818,0
274,SUCCESS,exec1,10,0,3.9113,708.9932,0
1211,SUCCESS,exec1,10,0,3.9267,712.9198,0
1845,SUCCESS,exec1,10,0,3.9757,716.8955,0
63,SUCCESS,exec1,10,0,3.991,720.8865,0
387,SUCCESS,exec1,10,0,3.9918,724.8783,0
1495,SUCCESS,exec1,10,0,3.9952,728.8735,0
436,SUCCESS,exec1,10,0,3.9965,732.87,0
217,SUCCESS,exec1,10,0,3.9967,736.8667,0
1710,SUCCESS,exec1,10,0,3.9978,740.8645,0
1418,SUCCESS,exec1,10,0,3.998,744.8625,0
1799,SUCCESS,exec1,10,0,3.9985,748.861,0
831,SUCCESS,exec1,10,0,3.9992,752.8602,0
161,SUCCESS,exec1,10,0,4.0007,756.8608,0
932,SUCCESS,exec1,10,0,4.0005,760.8613,0
166,SUCCESS,exec1,10,0,4.016,764.8773,0
803,SUCCESS,exec1,10,0,4.0147,768.892,0
131,SUCCESS,exec1,10,0,4.0177,772.9097,0
1750,SUCCESS,exec1,10,0,4.02,776.9297,0
377,SUCCESS,exec1,10,0,4.0263,780.956,0
299,SUCCESS,exec1,10,0,4.0473,785.0033,0
1396,SUCCESS,exec1,10,0,4.1318,789.1352,0
775,SUCCESS,exec1,10,0,4.0613,793.1965,0
1437,SUCCESS,exec1,10,0,4.062,797.2585,0
556,SUCCESS,exec1,10,0,4.0742,801.3327,0
129,SUCCESS,exec1,10,0,4.0975,805.4302,0
1444,SUCCESS,exec1,10,0,4.1092,809.5393,0
292,SUCCESS,exec1,10,0,4.114,813.6533,0
1536,SUCCESS,exec1,10,0,4.1162,817.7695,0
948,SUCCESS,exec1,10,0,4.1333,821.9028,0
60,SUCCESS,exec1,10,0,4.1348,826.0377,0
1308,SUCCESS,exec1,10,0,4.1393,830.177,0
310,SUCCESS,exec1,10,0,4.1417,834.3187,0
1841,SUCCESS,exec1,10,0,4.1402,838.4588,0
598,SUCCESS,exec1,10,0,4.1438,842.6027,0
1128,SUCCESS,exec1,10,0,4.1433,846.746,0
776,SUCCESS,exec1,10,0,4.1482,850.8942,0
469,SUCCESS,exec1,10,0,4.1637,855.0578,0
54,SUCCESS,exec1,10,0,4.1755,859.2333,0
707,SUCCESS,exec1,10,0,4.1743,863.4077,0
1611,SUCCESS,exec1,10,0,4.1833,867.591,0
266,SUCCESS,exec1,10,0,4.191,871.782,0
771,SUCCESS,exec1,10,0,4.1985,875.9805,0
1653,SUCCESS,exec1,10,0,4.207,880.1875,0
1880,SUCCESS,exec1,10,0,4.219,884.4065,0
1946,SUCCESS,exec1,10,0,4.2277,888.6342,0
1387,SUCCESS,exec1,10,0,4.2448,892.879,0
322,SUCCESS,exec1,10,0,4.2488,897.1278,0
1083,SUCCESS,exec1,10,0,4.2598,901.3877,0
1949,SUCCESS,exec1,10,0,4.2638,905.6515,0
1013,SUCCESS,exec1,10,0,4.2703,909.9218,0
1267,SUCCESS,exec1,10,0,4.282,914.2038,0
1638,SUCCESS,exec1,10,0,4.2822,918.486,0
906,SUCCESS,exec1,10,0,4.285,922.771,0
804,SUCCESS,exec1,10,0,4.2875,927.0585,0
830,SUCCESS,exec1,10,0,4.287,931.3455,0
1406,SUCCESS,exec1,10,0,4.362,935.7075,0
1728,SUCCESS,exec1,10,0,4.3145,940.022,0
627,SUCCESS,exec1,10,0,4.3165,944.3385,0
916,SUCCESS,exec1,10,0,4.32,948.6585,0
188,SUCCESS,exec1,10,0,4.3225,952.981,0
325,SUCCESS,exec1,10,0,4.3275,957.3085,0
506,SUCCESS,exec1,10,0,4.3285,961.637,0
466,SUCCESS,exec1,10,0,4.3355,965.9725,0
1355,SUCCESS,exec1,10,0,4.347,970.3195,0
1476,SUCCESS,exec1,10,0,4.354,974.6735,0
1213,SUCCESS,exec1,10,0,4.3575,979.031,0
746,SUCCESS,exec1,10,0,4.3635,983.3945,0
297,SUCCESS,exec1,10,0,4.3735,987.768,0
464,SUCCESS,exec1,10,0,4.378,992.146,0
268,SUCCESS,exec1,10,0,4.3805,996.5265,0
614,SUCCESS,exec1,10,0,4.396,1000.9225,0
126,SUCCESS,exec1,10,0,4.3965,1005.319,0
1155,SUCCESS,exec1,10,0,4.401,1009.72,0
78,SUCCESS,exec1,10,0,4.4075,1014.1275,0
460,SUCCESS,exec1,10,0,4.408,1018.5355,0
125,SUCCESS,exec1,10,0,4.4113,1022.9468,0
1359,SUCCESS,exec1,10,0,4.4213,1027.3682,0
1772,SUCCESS,exec1,10,0,4.429,1031.7972,0
1453,SUCCESS,exec1,10,0,4.48,1036.2772,0
1229,SUCCESS,exec1,10,0,4.4853,1040.7625,0
1723,SUCCESS,exec1,10,0,4.5282,1045.2907,0
89,SUCCESS,exec1,10,0,4.5377,1049.8283,0
1330,SUCCESS,exec1,10,0,4.6168,1054.4452,0
48,SUCCESS,exec1,10,0,4.5718,1059.017,0
1973,SUCCESS,exec1,10,0,4.5703,1063.5873,0
1730,SUCCESS,exec1,10,0,4.5835,1068.1708,0
404,SUCCESS,exec1,10,0,4.5893,1072.7602,0
1622,SUCCESS,exec1,10,0,4.5895,1077.3497,0
779,SUCCESS,exec1,10,0,4.5917,1081.9413,0
1874,SUCCESS,exec1,10,0,4.6792,1086.6205,0
599,SUCCESS,exec1,10,0,4.6017,1091.2222,0
1290,SUCCESS,exec1,10,0,4.6218,1095.844,0
1928,SUCCESS,exec1,10,0,4.621,1100.465,0
285,SUCCESS,exec1,10,0,4.6223,1105.0873,0
1733,SUCCESS,exec1,10,0,4.683,1109.7703,0
1168,SUCCESS,exec1,10,0,4.6443,1114.4147,0
1248,SUCCESS,exec1,10,0,4.646,1119.0607,0
663,SUCCESS,exec1,10,0,4.6477,1123.7083,0
571,SUCCESS,exec1,10,0,4.6632,1128.3715,0
238,SUCCESS,exec1,10,0,4.6643,1133.0358,0
935,SUCCESS,exec1,10,0,4.688,1137.7238,0
50,SUCCESS,exec1,10,0,4.6968,1142.4207,0
483,SUCCESS,exec1,10,0,4.7117,1147.1323,0
351,SUCCESS,exec1,10,0,4.7167,1151.849,0
434,SUCCESS,exec1,10,0,4.7223,1156.5713,0
1166,SUCCESS,exec1,10,0,4.728,1161.2993,0
838,SUCCESS,exec1,10,0,4.7385,1166.0378,0
1974,SUCCESS,exec1,10,0,4.7397,1170.7775,0
1196,SUCCESS,exec1,10,0,4.7457,1175.5232,0
344,SUCCESS,exec1,10,0,4.7528,1180.276,0
1852,SUCCESS,exec1,10,0,4.7562,1185.0322,0
1408,SUCCESS,exec1,10,0,4.763,1189.7952,0
30,SUCCESS,exec1,10,0,4.8452,1194.6403,0
1244,SUCCESS,exec1,10,0,4.7717,1199.412,0
391,SUCCESS,exec1,10,0,4.778,1204.19,0
187,SUCCESS,exec1,10,0,4.785,1208.975,0
424,SUCCESS,exec1,10,0,4.7958,1213.7708,0
890,SUCCESS,exec1,10,0,4.839,1218.6098,0
1923,SUCCESS,exec1,10,0,4.845,1223.4548,0
1762,SUCCESS,exec1,10,0,4.8238,1228.2787,0
1658,SUCCESS,exec1,10,0,4.8517,1233.1303,0
869,SUCCESS,exec1,10,0,4.8523,1237.9827,0
1876,SUCCESS,exec1,10,0,4.8522,1242.8348,0
1588,SUCCESS,exec1,10,0,4.8623,1247.6972,0
130,SUCCESS,exec1,10,0,4.8737,1252.5708,0
934,SUCCESS,exec1,10,0,4.8828,1257.4537,0
1545,SUCCESS,exec1,10,0,4.8952,1262.3488,0
106,SUCCESS,exec1,10,0,4.9032,1267.252,0
1065,SUCCESS,exec1,10,0,4.961,1272.213,0
759,SUCCESS,exec1,10,0,4.9083,1277.1213,0
406,SUCCESS,exec1,10,0,4.916,1282.0373,0
1439,SUCCESS,exec1,10,0,4.9228,1286.9602,0
649,SUCCESS,exec1,10,0,4.9295,1291.8897,0
2045,SUCCESS,exec1,10,0,4.946,1296.8357,0
249,SUCCESS,exec1,10,0,4.9523,1301.788,0
1415,SUCCESS,exec1,10,0,4.9545,1306.7425,0
118,SUCCESS,exec1,10,0,4.9598,1311.7023,0
311,SUCCESS,exec1,10,0,4.9597,1316.662,0
375,SUCCESS,exec1,10,0,4.965,1321.627,0
1208,SUCCESS,exec1,10,0,4.972,1326.599,0
1321,SUCCESS,exec1,10,0,4.9712,1331.5702,0
323,SUCCESS,exec1,10,0,4.976,1336.5462,0
911,SUCCESS,exec1,10,0,4.9823,1341.5285,0
72,SUCCESS,exec1,10,0,4.9865,1346.515,0
93,SUCCESS,exec1,10,0,4.998,1351.513,0
338,SUCCESS,exec1,10,0,5.0045,1356.5175,0
1719,SUCCESS,exec1,10,0,5.0115,1361.529,0
1089,SUCCESS,exec1,10,0,5.0203,1366.5493,0
8,SUCCESS,exec1,10,0,5.0283,1371.5777,0
1182,SUCCESS,exec1,10,0,5.0282,1376.6058,0
563,SUCCESS,exec1,10,0,5.0367,1381.6425,0
899,SUCCESS,exec1,10,0,5.041,1386.6835,0
726,SUCCESS,exec1,10,0,5.0448,1391.7283,0
2036,SUCCESS,exec1,10,0,5.0492,1396.7775,0
442,SUCCESS,exec1,10,0,5.0502,1401.8277,0
790,SUCCESS,exec1,10,0,5.057,1406.8847,0
471,SUCCESS,exec1,10,0,5.097,1411.9817,0
555,SUCCESS,exec1,10,0,5.0822,1417.0638,0
886,SUCCESS,exec1,10,0,5.0833,1422.1472,0
889,SUCCESS,exec1,10,0,5.0838,1427.231,0
1238,SUCCESS,exec1,10,0,5.0917,1432.3227,0
1586,SUCCESS,exec1,10,0,5.131,1437.4537,0
225,SUCCESS,exec1,10,0,5.1382,1442.5918,0
116,SUCCESS,exec1,10,0,5.1643,1447.7562,0
763,SUCCESS,exec1,10,0,5.1808,1452.937,0
1839,SUCCESS,exec1,10,0,5.182,1458.119,0
1092,SUCCESS,exec1,10,0,5.1832,1463.3022,0
1130,SUCCESS,exec1,10,0,5.1828,1468.485,0
212,SUCCESS,exec1,10,0,5.2047,1473.6897,0
223,SUCCESS,exec1,10,0,5.289,1478.9787,0
100,SUCCESS,exec1,10,0,5.2255,1484.2042,0
1905,SUCCESS,exec1,10,0,5.2283,1489.4325,0
198,SUCCESS,exec1,10,0,5.2448,1494.6773,0
1624,SUCCESS,exec1,10,0,5.245,1499.9223,0
949,SUCCESS,exec1,10,0,5.25,1505.1723,0
1519,SUCCESS,exec1,10,0,5.2522,1510.4245,0
885,SUCCESS,exec1,10,0,5.2572,1515.6817,0
1339,SUCCESS,exec1,10,0,5.341,1521.0227,0
403,SUCCESS,exec1,10,0,5.2695,1526.2922,0
514,SUCCESS,exec1,10,0,5.2702,1531.5623,0
1769,SUCCESS,exec1,10,0,5.2725,1536.8348,0
1389,SUCCESS,exec1,10,0,5.282,1542.1168,0
1546,SUCCESS,exec1,10,0,5.282,1547.3988,0
792,SUCCESS,exec1,10,0,5.2853,1552.6842,0
1817,SUCCESS,exec1,10,0,5.285,1557.9692,0
1019,SUCCESS,exec1,10,0,5.3038,1563.273,0
543,SUCCESS,exec1,10,0,5.3077,1568.5807,0
316,SUCCESS,exec1,10,0,5.3415,1573.9222,0
607,SUCCESS,exec1,10,0,5.4177,1579.3398,0
1201,SUCCESS,exec1,10,0,5.3532,1584.693,0
378,SUCCESS,exec1,10,0,5.3562,1590.0492,0
1650,SUCCESS,exec1,10,0,5.3685,1595.4177,0
1800,SUCCESS,exec1,10,0,5.3848,1600.8025,0
1662,SUCCESS,exec1,10,0,5.3952,1606.1977,0
1484,SUCCESS,exec1,10,0,5.3997,1611.5973,0
1114,SUCCESS,exec1,10,0,5.4012,1616.9985,0
1143,SUCCESS,exec1,10,0,5.4028,1622.4013,0
541,SUCCESS,exec1,10,0,5.444,1627.8453,0
1868,SUCCESS,exec1,10,0,5.45,1633.2953,0
474,SUCCESS,exec1,10,0,5.4537,1638.749,0
712,SUCCESS,exec1,10,0,5.4557,1644.2047,0
857,SUCCESS,exec1,10,0,5.4557,1649.6603,0
544,SUCCESS,exec1,10,0,5.468,1655.1283,0
1233,SUCCESS,exec1,10,0,5.469,1660.5973,0
1765,SUCCESS,exec1,10,0,5.507,1666.1043,0
227,SUCCESS,exec1,10,0,5.4787,1671.583,0
1954,SUCCESS,exec1,10,0,5.4787,1677.0617,0
1448,SUCCESS,exec1,10,0,5.4933,1682.555,0
1533,SUCCESS,exec1,10,0,5.6007,1688.1557,0
1920,SUCCESS,exec1,10,0,5.4933,1693.649,0
1736,SUCCESS,exec1,10,0,5.4947,1699.1437,0
201,SUCCESS,exec1,10,0,5.5377,1704.6813,0
1556,SUCCESS,exec1,10,0,5.5167,1710.198,0
366,SUCCESS,exec1,10,0,5.519,1715.717,0
1924,SUCCESS,exec1,10,0,5.5303,1721.2473,0
908,SUCCESS,exec1,10,0,5.546,1726.7933,0
945,SUCCESS,exec1,10,0,5.55,1732.3433,0
814,SUCCESS,exec1,10,0,5.559,1737.9023,0
280,SUCCESS,exec1,10,0,5.5643,1743.4667,0
1161,SUCCESS,exec1,10,0,5.5803,1749.047,0
69,SUCCESS,exec1,10,0,5.59,1754.637,0
644,SUCCESS,exec1,10,0,5.592,1760.229,0
16,SUCCESS,exec1,10,0,5.5997,1765.8287,0
1027,SUCCESS,exec1,10,0,5.6003,1771.429,0
1834,SUCCESS,exec1,10,0,5.602,1777.031,0
245,SUCCESS,exec1,10,0,5.614,1782.645,0
1565,SUCCESS,exec1,10,0,5.629,1788.274,0
1051,SUCCESS,exec1,10,0,5.6607,1793.9347,0
1976,SUCCESS,exec1,10,0,5.6653,1799.6,0
1885,SUCCESS,exec1,10,0,5.684,1805.284,0
501,SUCCESS,exec1,10,0,5.6883,1810.9723,0
1178,SUCCESS,exec1,10,0,5.7633,1816.7357,0
1346,SUCCESS,exec1,10,0,5.702,1822.4377,0
1518,SUCCESS,exec1,10,0,5.7033,1828.141,0
802,SUCCESS,exec1,10,0,5.711,1833.852,0
593,SUCCESS,exec1,10,0,5.7167,1839.5687,0
250,SUCCESS,exec1,10,0,5.7187,1845.2873,0
603,SUCCESS,exec1,10,0,5.7235,1851.0108,0
1812,SUCCESS,exec1,10,0,5.7323,1856.7432,0
236,SUCCESS,exec1,10,0,5.7375,1862.4807,0
715,SUCCESS,exec1,10,0,5.8233,1868.304,0
1368,SUCCESS,exec1,10,0,5.777,1874.081,0
711,SUCCESS,exec1,10,0,5.7942,1879.8752,0
1609,SUCCESS,exec1,10,0,5.8082,1885.6833,0
1687,SUCCESS,exec1,10,0,5.8082,1891.4915,0
918,SUCCESS,exec1,10,0,5.8205,1897.312,0
1554,SUCCESS,exec1,10,0,5.8373,1903.1493,0
1955,SUCCESS,exec1,10,0,5.8438,1908.9932,0
854,SUCCESS,exec1,10,0,5.8442,1914.8373,0
736,SUCCESS,exec1,10,0,5.8543,1920.6917,0
418,SUCCESS,exec1,10,0,5.8567,1926.5483,0
744,SUCCESS,exec1,10,0,5.8638,1932.4122,0
0,SUCCESS,exec1,10,0,5.867,1938.2792,0
990,SUCCESS,exec1,10,0,5.8672,1944.1463,0
597,SUCCESS,exec1,10,0,5.8893,1950.0357,0
1018,SUCCESS,exec1,10,0,5.958,1955.9937,0
1995,SUCCESS,exec1,10,0,5.8938,1961.8875,0
164,SUCCESS,exec1,10,0,5.8948,1967.7823,0
1266,SUCCESS,exec1,10,0,5.8948,1973.6772,0
1245,SUCCESS,exec1,10,0,5.897,1979.5742,0
971,SUCCESS,exec1,10,0,5.9048,1985.479,0
1490,SUCCESS,exec1,10,0,5.9123,1991.3913,0
1983,SUCCESS,exec1,10,0,5.9128,1997.3042,0
548,SUCCESS,exec1,10,0,5.917,2003.2212,0
961,SUCCESS,exec1,10,0,5.928,2009.1492,0
632,SUCCESS,exec1,10,0,5.9455,2015.0947,0
504,SUCCESS,exec1,10,0,5.954,2021.0487,0
443,SUCCESS,exec1,10,0,5.9583,2027.007,0
220,SUCCESS,exec1,10,0,5.9628,2032.9698,0
1324,SUCCESS,exec1,10,0,5.9645,2038.9343,0
1026,SUCCESS,exec1,10,0,5.9783,2044.9127,0
193,SUCCESS,exec1,10,0,5.9817,2050.8943,0
29,SUCCESS,exec1,10,0,5.9877,2056.882,0
1801,SUCCESS,exec1,10,0,6.011,2062.893,0
85,SUCCESS,exec1,10,0,6.0162,2068.9092,0
383,SUCCESS,exec1,10,0,6.0243,2074.9335,0
1567,SUCCESS,exec1,10,0,6.0283,2080.9618,0
521,SUCCESS,exec1,10,0,6.0433,2087.0052,0
1469,SUCCESS,exec1,10,0,6.0445,2093.0497,0
1956,SUCCESS,exec1,10,0,6.0567,2099.1063,0
1579,SUCCESS,exec1,10,0,6.0627,2105.169,0
1184,SUCCESS,exec1,10,0,6.07,2111.239,0
1291,SUCCESS,exec1,10,0,6.0763,2117.3153,0
637,SUCCESS,exec1,10,0,6.0787,2123.394,0
835,SUCCESS,exec1,10,0,6.0968,2129.4908,0
1473,SUCCESS,exec1,10,1,3.055,3.155,0
1686,SUCCESS,exec1,10,1,3.0707,6.2257,0
572,SUCCESS,exec1,10,1,3.0625,9.2882,0
1987,SUCCESS,exec1,10,1,3.0683,12.3565,0
74,SUCCESS,exec1,10,1,3.0797,15.4362,0
1221,SUCCESS,exec1,10,1,3.0803,18.5165,0
871,SUCCESS,exec1,10,1,3.0813,21.5978,0
425,SUCCESS,exec1,10,1,3.0893,24.6872,0
1818,SUCCESS,exec1,10,1,3.1162,27.8033,0
56,SUCCESS,exec1,10,1,3.107,30.9103,0
690,SUCCESS,exec1,10,1,3.1128,34.0232,0
172,SUCCESS,exec1,10,1,3.116,37.1392,0
1570,SUCCESS,exec1,10,1,3.1162,40.2553,0
1472,SUCCESS,exec1,10,1,3.13,43.3853,0
439,SUCCESS,exec1,10,1,3.1348,46.5202,0
983,SUCCESS,exec1,10,1,3.1403,49.6605,0
1569,SUCCESS,exec1,10,1,3.1455,52.806,0
1141,SUCCESS,exec1,10,1,3.1473,55.9533,0
1510,SUCCESS,exec1,10,1,3.1477,59.101,0
294,SUCCESS,exec1,10,1,3.152,62.253,0
950,SUCCESS,exec1,10,1,3.1535,65.4065,0
621,SUCCESS,exec1,10,1,3.1562,68.5627,0
1514,SUCCESS,exec1,10,1,3.1575,71.7202,0
1338,SUCCESS,exec1,10,1,3.2197,74.9398,0
1807,SUCCESS,exec1,10,1,3.161,78.1008,0
456,SUCCESS,exec1,10,1,3.1647,81.2655,0
432,SUCCESS,exec1,10,1,3.1653,84.4308,0
1050,SUCCESS,exec1,10,1,3.2415,87.6723,0
1254,SUCCESS,exec1,10,1,3.173,90.8453,0
1140,SUCCESS,exec1,10,1,3.1765,94.0218,0
508,SUCCESS,exec1,10,1,3.178,97.1998,0
1401,SUCCESS,exec1,10,1,3.182,100.3818,0
265,SUCCESS,exec1,10,1,3.184,103.5658,0
1115,SUCCESS,exec1,10,1,3.1845,106.7503,0
1278,SUCCESS,exec1,10,1,3.1843,109.9347,0
354,SUCCESS,exec1,10,1,3.2215,113.1562,0
604,SUCCESS,exec1,10,1,3.2107,116.3668,0
664,SUCCESS,exec1,10,1,3.2143,119.5812,0
398,SUCCESS,exec1,10,1,3.2205,122.8017,0
811,SUCCESS,exec1,10,1,3.2302,126.0318,0
624,SUCCESS,exec1,10,1,3.2358,129.2677,0
645,SUCCESS,exec1,10,1,3.242,132.5097,0
1559,SUCCESS,exec1,10,1,3.2497,135.7593,0
1879,SUCCESS,exec1,10,1,3.2527,139.012,0
1585,SUCCESS,exec1,10,1,3.26,142.272,0
1665,SUCCESS,exec1,10,1,3.2602,145.5322,0
435,SUCCESS,exec1,10,1,3.263,148.7952,0
1578,SUCCESS,exec1,10,1,3.2642,152.0593,0
1593,SUCCESS,exec1,10,1,3.2647,155.324,0
605,SUCCESS,exec1,10,1,3.268,158.592,0
1944,SUCCESS,exec1,10,1,3.2677,161.8597,0
878,SUCCESS,exec1,10,1,3.2755,165.1352,0
179,SUCCESS,exec1,10,1,3.3317,168.4668,0
4,SUCCESS,exec1,10,1,3.296,171.7628,0
1042,SUCCESS,exec1,10,1,3.307,175.0698,0
497,SUCCESS,exec1,10,1,3.308,178.3778,0
1056,SUCCESS,exec1,10,1,3.3088,181.6867,0
939,SUCCESS,exec1,10,1,3.333,185.0197,0
968,SUCCESS,exec1,10,1,3.3157,188.3353,0
481,SUCCESS,exec1,10,1,3.3173,191.6527,0
1660,SUCCESS,exec1,10,1,3.3187,194.9713,0
445,SUCCESS,exec1,10,1,3.3287,198.3,0
202,SUCCESS,exec1,10,1,3.3318,201.6318,0
1805,SUCCESS,exec1,10,1,3.333,204.9648,0
1778,SUCCESS,exec1,10,1,3.3335,208.2983,0
1313,SUCCESS,exec1,10,1,3.4067,211.705,0
1410,SUCCESS,exec1,10,1,3.337,215.042,0
1792,SUCCESS,exec1,10,1,3.3557,218.3977,0
1741,SUCCESS,exec1,10,1,3.3612,221.7588,0
10,SUCCESS,exec1,10,1,3.3648,225.1237,0
1979,SUCCESS,exec1,10,1,3.3715,228.4952,0
1187,SUCCESS,exec1,10,1,3.3793,231.8745,0
2027,SUCCESS,exec1,10,1,3.3875,235.262,0
1416,SUCCESS,exec1,10,1,3.4835,238.7455,0
380,SUCCESS,exec1,10,1,3.391,242.1365,0
842,SUCCESS,exec1,10,1,3.3903,245.5268,0
1621,SUCCESS,exec1,10,1,3.3902,248.917,0
754,SUCCESS,exec1,10,1,3.4033,252.3203,0
336,SUCCESS,exec1,10,1,3.4052,255.7255,0
141,SUCCESS,exec1,10,1,3.4152,259.1407,0
898,SUCCESS,exec1,10,1,3.4178,262.5585,0
1551,SUCCESS,exec1,10,1,3.4175,265.976,0
788,SUCCESS,exec1,10,1,3.422,269.398,0
1137,SUCCESS,exec1,10,1,3.4263,272.8243,0
1783,SUCCESS,exec1,10,1,3.4275,276.2518,0
1734,SUCCESS,exec1,10,1,3.4303,279.6822,0
276,SUCCESS,exec1,10,1,3.4415,283.1237,0
600,SUCCESS,exec1,10,1,3.4372,286.5608,0
1034,SUCCESS,exec1,10,1,3.4427,290.0035,0
1848,SUCCESS,exec1,10,1,3.449,293.4525,0
18,SUCCESS,exec1,10,1,3.459,296.9115,0
1608,SUCCESS,exec1,10,1,3.46,300.3715,0
150,SUCCESS,exec1,10,1,3.4608,303.8323,0
1101,SUCCESS,exec1,10,1,3.463,307.2953,0
860,SUCCESS,exec1,10,1,3.469,310.7643,0
1755,SUCCESS,exec1,10,1,3.4695,314.2338,0
1327,SUCCESS,exec1,10,1,3.5815,317.8153,0
335,SUCCESS,exec1,10,1,3.484,321.2993,0
484,SUCCESS,exec1,10,1,3.486,324.7853,0
104,SUCCESS,exec1,10,1,3.4912,328.2765,0
1646,SUCCESS,exec1,10,1,3.4917,331.7682,0
395,SUCCESS,exec1,10,1,3.4957,335.2638,0
1395,SUCCESS,exec1,10,1,3.5027,338.7665,0
1438,SUCCESS,exec1,10,1,3.5062,342.2727,0
6,SUCCESS,exec1,10,1,3.5085,345.7812,0
1850,SUCCESS,exec1,10,1,3.509,349.2902,0
1162,SUCCESS,exec1,10,1,3.5147,352.8048,0
1426,SUCCESS,exec1,10,1,3.5537,356.3585,0
1760,SUCCESS,exec1,10,1,3.5158,359.8743,0
1360,SUCCESS,exec1,10,1,3.6182,363.4925,0
1732,SUCCESS,exec1,10,1,3.53,367.0225,0
1727,SUCCESS,exec1,10,1,3.5328,370.5553,0
1857,SUCCESS,exec1,10,1,3.5373,374.0927,0
117,SUCCESS,exec1,10,1,3.5402,377.6328,0
1596,SUCCESS,exec1,10,1,3.6005,381.2333,0
1672,SUCCESS,exec1,10,1,3.5425,384.7758,0
973,SUCCESS,exec1,10,1,3.5505,388.3263,0
881,SUCCESS,exec1,10,1,3.5538,391.8802,0
1340,SUCCESS,exec1,10,1,3.558,395.4382,0
675,SUCCESS,exec1,10,1,3.5747,399.0128,0
1209,SUCCESS,exec1,10,1,3.563,402.5758,0
1940,SUCCESS,exec1,10,1,3.5623,406.1382,0
626,SUCCESS,exec1,10,1,3.5748,409.713,0
495,SUCCESS,exec1,10,1,3.581,413.294,0
794,SUCCESS,exec1,10,1,3.5812,416.8752,0
1259,SUCCESS,exec1,10,1,3.5833,420.4585,0
583,SUCCESS,exec1,10,1,3.5897,424.0482,0
1617,SUCCESS,exec1,10,1,3.59,427.6382,0
896,SUCCESS,exec1,10,1,3.6067,431.2448,0
946,SUCCESS,exec1,10,1,3.6063,434.8512,0
897,SUCCESS,exec1,10,1,3.6143,438.4655,0
538,SUCCESS,exec1,10,1,3.6213,442.0868,0
739,SUCCESS,exec1,10,1,3.6212,445.708,0
2024,SUCCESS,exec1,10,1,3.6978,449.4058,0
205,SUCCESS,exec1,10,1,3.6298,453.0357,0
1702,SUCCESS,exec1,10,1,3.6637,456.6993,0
692,SUCCESS,exec1,10,1,3.638,460.3373,0
1972,SUCCESS,exec1,10,1,3.639,463.9763,0
761,SUCCESS,exec1,10,1,3.6423,467.6187,0
419,SUCCESS,exec1,10,1,3.7548,471.3735,0
97,SUCCESS,exec1,10,1,3.657,475.0305,0
1073,SUCCESS,exec1,10,1,3.6565,478.687,0
1844,SUCCESS,exec1,10,1,3.657,482.344,0
679,SUCCESS,exec1,10,1,3.6623,486.0063,0
1247,SUCCESS,exec1,10,1,3.6658,489.6722,0
980,SUCCESS,exec1,10,1,3.6687,493.3408,0
138,SUCCESS,exec1,10,1,3.672,497.0128,0
870,SUCCESS,exec1,10,1,3.6712,500.684,0
952,SUCCESS,exec1,10,1,3.6763,504.3603,0
353,SUCCESS,exec1,10,1,3.6797,508.04,0
1950,SUCCESS,exec1,10,1,3.6817,511.7217,0
1758,SUCCESS,exec1,10,1,3.684,515.4057,0
847,SUCCESS,exec1,10,1,3.6958,519.1015,0
1054,SUCCESS,exec1,10,1,3.6852,522.7867,0
49,SUCCESS,exec1,10,1,3.688,526.4747,0
393,SUCCESS,exec1,10,1,3.6915,530.1662,0
798,SUCCESS,exec1,10,1,3.6935,533.8597,0
309,SUCCESS,exec1,10,1,3.6948,537.5545,0
963,SUCCESS,exec1,10,1,3.6952,541.2497,0
1902,SUCCESS,exec1,10,1,3.7003,544.95,0
124,SUCCESS,exec1,10,1,3.7048,548.6548,0
2040,SUCCESS,exec1,10,1,3.792,552.4468,0
1337,SUCCESS,exec1,10,1,3.709,556.1558,0
620,SUCCESS,exec1,10,1,3.712,559.8678,0
716,SUCCESS,exec1,10,1,3.7263,563.5942,0
1371,SUCCESS,exec1,10,1,3.7267,567.3208,0
277,SUCCESS,exec1,10,1,3.7738,571.0947,0
1391,SUCCESS,exec1,10,1,3.7365,574.8312,0
1613,SUCCESS,exec1,10,1,3.7388,578.57,0
1309,SUCCESS,exec1,10,1,3.7532,582.3232,0
2019,SUCCESS,exec1,10,1,3.755,586.0782,0
1491,SUCCESS,exec1,10,1,3.7628,589.841,0
1020,SUCCESS,exec1,10,1,3.7677,593.6087,0
982,SUCCESS,exec1,10,1,3.7693,597.378,0
1676,SUCCESS,exec1,10,1,3.7693,601.1473,0
254,SUCCESS,exec1,10,1,3.771,604.9183,0
650,SUCCESS,exec1,10,1,3.78,608.6983,0
1560,SUCCESS,exec1,10,1,3.7803,612.4787,0
1037,SUCCESS,exec1,10,1,3.788,616.2667,0
1382,SUCCESS,exec1,10,1,3.8023,620.069,0
923,SUCCESS,exec1,10,1,3.8053,623.8743,0
976,SUCCESS,exec1,10,1,3.8122,627.6865,0
1781,SUCCESS,exec1,10,1,3.8135,631.5,0
477,SUCCESS,exec1,10,1,3.8195,635.3195,0
1503,SUCCESS,exec1,10,1,3.8273,639.1468,0
1575,SUCCESS,exec1,10,1,3.8718,643.0187,0
1936,SUCCESS,exec1,10,1,3.8283,646.847,0
1123,SUCCESS,exec1,10,1,3.8297,650.6767,0
1171,SUCCESS,exec1,10,1,3.8338,654.5105,0
90,SUCCESS,exec1,10,1,3.845,658.3555,0
337,SUCCESS,exec1,10,1,3.8442,662.1997,0
1721,SUCCESS,exec1,10,1,3.846,666.0457,0
27,SUCCESS,exec1,10,1,3.8547,669.9003,0
490,SUCCESS,exec1,10,1,3.8567,673.757,0
1457,SUCCESS,exec1,10,1,3.8562,677.6132,0
1399,SUCCESS,exec1,10,1,3.8588,681.472,0
2000,SUCCESS,exec1,10,1,3.866,685.338,0
705,SUCCESS,exec1,10,1,3.8773,689.2153,0
722,SUCCESS,exec1,10,1,3.8867,693.102,0
1376,SUCCESS,exec1,10,1,3.9047,697.0067,0
108,SUCCESS,exec1,10,1,3.897,700.9037,0
454,SUCCESS,exec1,10,1,3.9342,704.8378,0
155,SUCCESS,exec1,10,1,3.9773,708.8152,0
1935,SUCCESS,exec1,10,1,3.9807,712.7958,0
1084,SUCCESS,exec1,10,1,3.9897,716.7855,0
329,SUCCESS,exec1,10,1,3.991,720.7765,0
390,SUCCESS,exec1,10,1,3.9918,724.7683,0
938,SUCCESS,exec1,10,1,3.9952,728.7635,0
1069,SUCCESS,exec1,10,1,3.9965,732.76,0
550,SUCCESS,exec1,10,1,3.9967,736.7567,0
524,SUCCESS,exec1,10,1,3.9978,740.7545,0
1527,SUCCESS,exec1,10,1,3.998,744.7525,0
374,SUCCESS,exec1,10,1,3.9985,748.751,0
1635,SUCCESS,exec1,10,1,3.9992,752.7502,0
1097,SUCCESS,exec1,10,1,4.0007,756.7508,0
2002,SUCCESS,exec1,10,1,4.0005,760.7513,0
1017,SUCCESS,exec1,10,1,4.004,764.7553,0
1068,SUCCESS,exec1,10,1,4.0107,768.766,0
981,SUCCESS,exec1,10,1,4.0117,772.7777,0
1176,SUCCESS,exec1,10,1,4.014,776.7917,0
1257,SUCCESS,exec1,10,1,4.0143,780.806,0
1889,SUCCESS,exec1,10,1,4.0173,784.8233,0
1099,SUCCESS,exec1,10,1,4.0193,788.8427,0
67,SUCCESS,exec1,10,1,4.0218,792.8645,0
152,SUCCESS,exec1,10,1,4.024,796.8885,0
1372,SUCCESS,exec1,10,1,4.0242,800.9127,0
2029,SUCCESS,exec1,10,1,4.0275,804.9402,0
1779,SUCCESS,exec1,10,1,4.0292,808.9693,0
174,SUCCESS,exec1,10,1,4.04,813.0093,0
1305,SUCCESS,exec1,10,1,4.0402,817.0495,0
956,SUCCESS,exec1,10,1,4.0453,821.0948,0
1163,SUCCESS,exec1,10,1,4.0508,825.1457,0
735,SUCCESS,exec1,10,1,4.0513,829.197,0
737,SUCCESS,exec1,10,1,4.0517,833.2487,0
362,SUCCESS,exec1,10,1,4.0522,837.3008,0
542,SUCCESS,exec1,10,1,4.0578,841.3587,0
2012,SUCCESS,exec1,10,1,4.0613,845.42,0
1273,SUCCESS,exec1,10,1,4.0622,849.4822,0
1386,SUCCESS,exec1,10,1,4.0697,853.5518,0
1504,SUCCESS,exec1,10,1,4.0695,857.6213,0
359,SUCCESS,exec1,10,1,4.0703,861.6917,0
977,SUCCESS,exec1,10,1,4.0713,865.763,0
631,SUCCESS,exec1,10,1,4.075,869.838,0
807,SUCCESS,exec1,10,1,4.0825,873.9205,0
1590,SUCCESS,exec1,10,1,4.069,877.9895,0
1500,SUCCESS,exec1,10,1,4.067,882.0565,0
962,SUCCESS,exec1,10,1,4.07,886.1265,0
66,SUCCESS,exec1,10,1,4.0827,890.2092,0
1898,SUCCESS,exec1,10,1,4.1028,894.312,0
1057,SUCCESS,exec1,10,1,4.1048,898.4168,0
1421,SUCCESS,exec1,10,1,4.1068,902.5237,0
549,SUCCESS,exec1,10,1,4.1088,906.6325,0
536,SUCCESS,exec1,10,1,4.1123,910.7448,0
1310,SUCCESS,exec1,10,1,4.122,914.8668,0
91,SUCCESS,exec1,10,1,4.1332,919,0
873,SUCCESS,exec1,10,1,4.136,923.136,0
569,SUCCESS,exec1,10,1,4.1365,927.2725,0
399,SUCCESS,exec1,10,1,4.183,931.4555,0
581,SUCCESS,exec1,10,1,4.142,935.5975,0
1380,SUCCESS,exec1,10,1,4.1425,939.74,0
978,SUCCESS,exec1,10,1,4.1505,943.8905,0
1407,SUCCESS,exec1,10,1,4.16,948.0505,0
1035,SUCCESS,exec1,10,1,4.1605,952.211,0
157,SUCCESS,exec1,10,1,4.1635,956.3745,0
1332,SUCCESS,exec1,10,1,4.1685,960.543,0
573,SUCCESS,exec1,10,1,4.1815,964.7245,0
1258,SUCCESS,exec1,10,1,4.185,968.9095,0
1105,SUCCESS,exec1,10,1,4.186,973.0955,0
585,SUCCESS,exec1,10,1,4.1915,977.287,0
388,SUCCESS,exec1,10,1,4.1995,981.4865,0
343,SUCCESS,exec1,10,1,4.2055,985.692,0
875,SUCCESS,exec1,10,1,4.21,989.902,0
339,SUCCESS,exec1,10,1,4.2105,994.1125,0
530,SUCCESS,exec1,10,1,4.216,998.3285,0
384,SUCCESS,exec1,10,1,4.2165,1002.545,0
623,SUCCESS,exec1,10,1,4.223,1006.768,0
1776,SUCCESS,exec1,10,1,4.2255,1010.9935,0
1001,SUCCESS,exec1,10,1,4.31,1015.3035,0
1134,SUCCESS,exec1,10,1,4.2733,1019.5768,0
1921,SUCCESS,exec1,10,1,4.2313,1023.8082,0
453,SUCCESS,exec1,10,1,4.233,1028.0412,0
1204,SUCCESS,exec1,10,1,4.2393,1032.2805,0
1405,SUCCESS,exec1,10,1,4.2427,1036.5232,0
1926,SUCCESS,exec1,10,1,4.3493,1040.8725,0
229,SUCCESS,exec1,10,1,4.2642,1045.1367,0
1462,SUCCESS,exec1,10,1,4.2677,1049.4043,0
758,SUCCESS,exec1,10,1,4.2693,1053.6737,0
1993,SUCCESS,exec1,10,1,4.2728,1057.9465,0
822,SUCCESS,exec1,10,1,4.2788,1062.2253,0
1587,SUCCESS,exec1,10,1,4.293,1066.5183,0
1072,SUCCESS,exec1,10,1,4.2978,1070.8162,0
184,SUCCESS,exec1,10,1,4.303,1075.1192,0
719,SUCCESS,exec1,10,1,4.3032,1079.4223,0
1326,SUCCESS,exec1,10,1,4.3043,1083.7267,0
17,SUCCESS,exec1,10,1,4.3118,1088.0385,0
261,SUCCESS,exec1,10,1,4.3207,1092.3592,0
1497,SUCCESS,exec1,10,1,4.3238,1096.683,0
468,SUCCESS,exec1,10,1,4.325,1101.008,0
478,SUCCESS,exec1,10,1,4.3243,1105.3323,0
545,SUCCESS,exec1,10,1,4.328,1109.6603,0
1010,SUCCESS,exec1,10,1,4.3323,1113.9927,0
900,SUCCESS,exec1,10,1,4.334,1118.3267,0
1189,SUCCESS,exec1,10,1,4.3337,1122.6603,0
1485,SUCCESS,exec1,10,1,4.3352,1126.9955,0
1475,SUCCESS,exec1,10,1,4.3408,1131.3363,0
296,SUCCESS,exec1,10,1,4.3435,1135.6798,0
1160,SUCCESS,exec1,10,1,4.344,1140.0238,0
427,SUCCESS,exec1,10,1,4.3458,1144.3697,0
183,SUCCESS,exec1,10,1,4.3467,1148.7163,0
190,SUCCESS,exec1,10,1,4.3467,1153.063,0
1644,SUCCESS,exec1,10,1,4.3473,1157.4103,0
1900,SUCCESS,exec1,10,1,4.362,1161.7723,0
1241,SUCCESS,exec1,10,1,4.3755,1166.1478,0
661,SUCCESS,exec1,10,1,4.3677,1170.5155,0
1724,SUCCESS,exec1,10,1,4.3697,1174.8852,0
1716,SUCCESS,exec1,10,1,4.3795,1179.2647,0
109,SUCCESS,exec1,10,1,4.3908,1183.6555,0
1280,SUCCESS,exec1,10,1,4.3917,1188.0472,0
397,SUCCESS,exec1,10,1,4.3955,1192.4427,0
25,SUCCESS,exec1,10,1,4.3967,1196.8393,0
1544,SUCCESS,exec1,10,1,4.3967,1201.236,0
22,SUCCESS,exec1,10,1,4.506,1205.742,0
1610,SUCCESS,exec1,10,1,4.3973,1210.1393,0
341,SUCCESS,exec1,10,1,4.3988,1214.5382,0
1423,SUCCESS,exec1,10,1,4.3987,1218.9368,0
423,SUCCESS,exec1,10,1,4.408,1223.3448,0
594,SUCCESS,exec1,10,1,4.4158,1227.7607,0
105,SUCCESS,exec1,10,1,4.4177,1232.1783,0
995,SUCCESS,exec1,10,1,4.4223,1236.6007,0
215,SUCCESS,exec1,10,1,4.4322,1241.0328,0
1591,SUCCESS,exec1,10,1,4.4323,1245.4652,0
874,SUCCESS,exec1,10,1,4.4337,1249.8988,0
1100,SUCCESS,exec1,10,1,4.4357,1254.3345,0
1142,SUCCESS,exec1,10,1,4.4362,1258.7707,0
1195,SUCCESS,exec1,10,1,4.4372,1263.2078,0
1059,SUCCESS,exec1,10,1,4.4462,1267.654,0
282,SUCCESS,exec1,10,1,4.449,1272.103,0
2039,SUCCESS,exec1,10,1,4.4483,1276.5513,0
243,SUCCESS,exec1,10,1,4.452,1281.0033,0
262,SUCCESS,exec1,10,1,4.4528,1285.4562,0
264,SUCCESS,exec1,10,1,4.4535,1289.9097,0
1684,SUCCESS,exec1,10,1,4.458,1294.3677,0
332,SUCCESS,exec1,10,1,4.4585,1298.8262,0
1467,SUCCESS,exec1,10,1,4.4608,1303.287,0
1445,SUCCESS,exec1,10,1,4.4645,1307.7515,0
853,SUCCESS,exec1,10,1,4.4658,1312.2173,0
584,SUCCESS,exec1,10,1,4.5547,1316.772,0
576,SUCCESS,exec1,10,1,4.477,1321.249,0
575,SUCCESS,exec1,10,1,4.478,1325.727,0
683,SUCCESS,exec1,10,1,4.4778,1330.2048,0
728,SUCCESS,exec1,10,1,4.4873,1334.6922,0
84,SUCCESS,exec1,10,1,4.495,1339.1872,0
319,SUCCESS,exec1,10,1,4.4958,1343.683,0
773,SUCCESS,exec1,10,1,4.503,1348.186,0
2015,SUCCESS,exec1,10,1,4.516,1352.702,0
473,SUCCESS,exec1,10,1,4.5235,1357.2255,0
80,SUCCESS,exec1,10,1,4.5975,1361.823,0
1172,SUCCESS,exec1,10,1,4.5363,1366.3593,0
1296,SUCCESS,exec1,10,1,4.5363,1370.8957,0
1744,SUCCESS,exec1,10,1,4.5402,1375.4358,0
984,SUCCESS,exec1,10,1,4.5427,1379.9785,0
101,SUCCESS,exec1,10,1,4.551,1384.5295,0
1894,SUCCESS,exec1,10,1,4.5528,1389.0823,0
12,SUCCESS,exec1,10,1,4.5547,1393.637,0
797,SUCCESS,exec1,10,1,4.5545,1398.1915,0
849,SUCCESS,exec1,10,1,4.5562,1402.7477,0
330,SUCCESS,exec1,10,1,4.559,1407.3067,0
1264,SUCCESS,exec1,10,1,4.565,1411.8717,0
1922,SUCCESS,exec1,10,1,4.5662,1416.4378,0
61,SUCCESS,exec1,10,1,4.5673,1421.0052,0
1592,SUCCESS,exec1,10,1,4.5738,1425.579,0
1220,SUCCESS,exec1,10,1,4.577,1430.156,0
451,SUCCESS,exec1,10,1,4.5817,1434.7377,0
1683,SUCCESS,exec1,10,1,4.589,1439.3267,0
1831,SUCCESS,exec1,10,1,4.5982,1443.9248,0
86,SUCCESS,exec1,10,1,4.6003,1448.5252,0
1543,SUCCESS,exec1,10,1,4.6058,1453.131,0
1055,SUCCESS,exec1,10,1,4.608,1457.739,0
1040,SUCCESS,exec1,10,1,4.6158,1462.3548,0
1351,SUCCESS,exec1,10,1,4.6228,1466.9777,0
475,SUCCESS,exec1,10,1,4.6473,1471.625,0
1998,SUCCESS,exec1,10,1,4.6557,1476.2807,0
53,SUCCESS,exec1,10,1,4.66,1480.9407,0
643,SUCCESS,exec1,10,1,4.6578,1485.5985,0
1711,SUCCESS,exec1,10,1,4.6603,1490.2588,0
552,SUCCESS,exec1,10,1,4.6685,1494.9273,0
828,SUCCESS,exec1,10,1,4.673,1499.6003,0
123,SUCCESS,exec1,10,1,4.68,1504.2803,0
1502,SUCCESS,exec1,10,1,4.6982,1508.9785,0
944,SUCCESS,exec1,10,1,4.7052,1513.6837,0
540,SUCCESS,exec1,10,1,4.7067,1518.3903,0
562,SUCCESS,exec1,10,1,4.7083,1523.0987,0
667,SUCCESS,exec1,10,1,4.7095,1527.8082,0
1186,SUCCESS,exec1,10,1,4.7112,1532.5193,0
1150,SUCCESS,exec1,10,1,4.7175,1537.2368,0
1599,SUCCESS,exec1,10,1,4.724,1541.9608,0
1829,SUCCESS,exec1,10,1,4.724,1546.6848,0
606,SUCCESS,exec1,10,1,4.7267,1551.4115,0
231,SUCCESS,exec1,10,1,4.7287,1556.1402,0
281,SUCCESS,exec1,10,1,4.73,1560.8702,0
1986,SUCCESS,exec1,10,1,4.7298,1565.6,0
203,SUCCESS,exec1,10,1,4.7527,1570.3527,0
1015,SUCCESS,exec1,10,1,4.7385,1575.0912,0
1883,SUCCESS,exec1,10,1,4.7387,1579.8298,0
537,SUCCESS,exec1,10,1,4.7392,1584.569,0
1431,SUCCESS,exec1,10,1,4.7482,1589.3172,0
532,SUCCESS,exec1,10,1,4.755,1594.0722,0
1747,SUCCESS,exec1,10,1,4.7598,1598.832,0
410,SUCCESS,exec1,10,1,4.7652,1603.5972,0
2043,SUCCESS,exec1,10,1,4.7725,1608.3697,0
321,SUCCESS,exec1,10,1,4.7767,1613.1463,0
819,SUCCESS,exec1,10,1,4.7802,1617.9265,0
2032,SUCCESS,exec1,10,1,4.7838,1622.7103,0
260,SUCCESS,exec1,10,1,4.787,1627.4973,0
1138,SUCCESS,exec1,10,1,4.788,1632.2853,0
1970,SUCCESS,exec1,10,1,4.789,1637.0743,0
706,SUCCESS,exec1,10,1,4.7897,1641.864,0
1136,SUCCESS,exec1,10,1,4.7897,1646.6537,0
1509,SUCCESS,exec1,10,1,4.8007,1651.4543,0
40,SUCCESS,exec1,10,1,4.807,1656.2613,0
714,SUCCESS,exec1,10,1,4.81,1661.0713,0
1336,SUCCESS,exec1,10,1,4.813,1665.8843,0
2021,SUCCESS,exec1,10,1,4.8127,1670.697,0
1957,SUCCESS,exec1,10,1,4.8167,1675.5137,0
1675,SUCCESS,exec1,10,1,4.8193,1680.333,0
1226,SUCCESS,exec1,10,1,4.822,1685.155,0
463,SUCCESS,exec1,10,1,4.8227,1689.9777,0
1992,SUCCESS,exec1,10,1,4.8233,1694.801,0
505,SUCCESS,exec1,10,1,4.8297,1699.6307,0
182,SUCCESS,exec1,10,1,4.8307,1704.4613,0
1459,SUCCESS,exec1,10,1,4.8307,1709.292,0
1933,SUCCESS,exec1,10,1,4.8383,1714.1303,0
887,SUCCESS,exec1,10,1,4.8397,1718.97,0
2034,SUCCESS,exec1,10,1,4.8413,1723.8113,0
704,SUCCESS,exec1,10,1,4.846,1728.6573,0
15,SUCCESS,exec1,10,1,4.849,1733.5063,0
369,SUCCESS,exec1,10,1,4.854,1738.3603,0
1032,SUCCESS,exec1,10,1,4.8583,1743.2187,0
1784,SUCCESS,exec1,10,1,4.8603,1748.079,0
1492,SUCCESS,exec1,10,1,4.864,1752.943,0
1119,SUCCESS,exec1,10,1,4.872,1757.815,0
1759,SUCCESS,exec1,10,1,4.8717,1762.6867,0
647,SUCCESS,exec1,10,1,4.8743,1767.561,0
927,SUCCESS,exec1,10,1,4.876,1772.437,0
1821,SUCCESS,exec1,10,1,4.876,1777.313,0
291,SUCCESS,exec1,10,1,4.884,1782.197,0
1791,SUCCESS,exec1,10,1,4.895,1787.092,0
1602,SUCCESS,exec1,10,1,4.8953,1791.9873,0
665,SUCCESS,exec1,10,1,4.9013,1796.8887,0
1177,SUCCESS,exec1,10,1,4.9013,1801.79,0
1004,SUCCESS,exec1,10,1,4.907,1806.697,0
269,SUCCESS,exec1,10,1,4.9093,1811.6063,0
1530,SUCCESS,exec1,10,1,4.9093,1816.5157,0
1076,SUCCESS,exec1,10,1,4.914,1821.4297,0
564,SUCCESS,exec1,10,1,4.9173,1826.347,0
2028,SUCCESS,exec1,10,1,4.921,1831.268,0
1699,SUCCESS,exec1,10,1,5.0327,1836.3007,0
160,SUCCESS,exec1,10,1,4.9273,1841.228,0
823,SUCCESS,exec1,10,1,4.9278,1846.1558,0
1129,SUCCESS,exec1,10,1,4.965,1851.1208,0
368,SUCCESS,exec1,10,1,4.9363,1856.0572,0
320,SUCCESS,exec1,10,1,4.9415,1860.9987,0
1158,SUCCESS,exec1,10,1,4.9493,1865.948,0
455,SUCCESS,exec1,10,1,4.951,1870.899,0
515,SUCCESS,exec1,10,1,4.955,1875.854,0
753,SUCCESS,exec1,10,1,4.9552,1880.8092,0
42,SUCCESS,exec1,10,1,4.9842,1885.7933,0
177,SUCCESS,exec1,10,1,4.9562,1890.7495,0
1288,SUCCESS,exec1,10,1,4.9625,1895.712,0
1236,SUCCESS,exec1,10,1,4.978,1900.69,0
653,SUCCESS,exec1,10,1,4.9868,1905.6768,0
461,SUCCESS,exec1,10,1,5.077,1910.7538,0
1133,SUCCESS,exec1,10,1,4.9968,1915.7507,0
1797,SUCCESS,exec1,10,1,5.051,1920.8017,0
1871,SUCCESS,exec1,10,1,5.0027,1925.8043,0
1366,SUCCESS,exec1,10,1,5.0038,1930.8082,0
622,SUCCESS,exec1,10,1,5.0095,1935.8177,0
816,SUCCESS,exec1,10,1,5.0125,1940.8302,0
1752,SUCCESS,exec1,10,1,5.0142,1945.8443,0
139,SUCCESS,exec1,10,1,5.0193,1950.8637,0
1720,SUCCESS,exec1,10,1,5.02,1955.8837,0
931,SUCCESS,exec1,10,1,5.0218,1960.9055,0
1616,SUCCESS,exec1,10,1,5.0228,1965.9283,0
1655,SUCCESS,exec1,10,1,5.044,1970.9723,0
642,SUCCESS,exec1,10,1,5.0478,1976.0202,0
1354,SUCCESS,exec1,10,1,5.052,1981.0722,0
613,SUCCESS,exec1,10,1,5.0568,1986.129,0
991,SUCCESS,exec1,10,1,5.0623,1991.1913,0
1641,SUCCESS,exec1,10,1,5.0627,1996.254,0
1532,SUCCESS,exec1,10,1,5.0692,2001.3232,0
630,SUCCESS,exec1,10,1,5.132,2006.4552,0
1577,SUCCESS,exec1,10,1,5.0735,2011.5287,0
1691,SUCCESS,exec1,10,1,5.074,2016.6027,0
401,SUCCESS,exec1,10,1,5.077,2021.6797,0
1314,SUCCESS,exec1,10,1,5.0773,2026.757,0
699,SUCCESS,exec1,10,1,5.0828,2031.8398,0
1345,SUCCESS,exec1,10,1,5.0825,2036.9223,0
219,SUCCESS,exec1,10,1,5.0883,2042.0107,0
1953,SUCCESS,exec1,10,1,5.0922,2047.1028,0
929,SUCCESS,exec1,10,1,5.0975,2052.2003,0
1531,SUCCESS,exec1,10,1,5.0977,2057.298,0
314,SUCCESS,exec1,10,1,5.099,2062.397,0
817,SUCCESS,exec1,10,1,5.0982,2067.4952,0
943,SUCCESS,exec1,10,1,5.0997,2072.5948,0
357,SUCCESS,exec1,10,1,5.1097,2077.7045,0
379,SUCCESS,exec1,10,1,5.1123,2082.8168,0
703,SUCCESS,exec1,10,1,5.1123,2087.9292,0
509,SUCCESS,exec1,10,1,5.1205,2093.0497,0
1302,SUCCESS,exec1,10,1,5.1227,2098.1723,0
709,SUCCESS,exec1,10,1,5.126,2103.2983,0
615,SUCCESS,exec1,10,1,5.1307,2108.429,0
2044,SUCCESS,exec1,10,1,5.131,2113.56,0
1913,SUCCESS,exec1,10,1,5.1473,2118.7073,0
1260,SUCCESS,exec1,10,1,5.1773,2123.8847,0
793,SUCCESS,exec1,10,2,3.4417,3.5417,0
1603,SUCCESS,exec1,10,2,3.444,6.9857,0
189,SUCCESS,exec1,10,2,3.4478,10.4335,0
1228,SUCCESS,exec1,10,2,3.4477,13.8812,0
180,SUCCESS,exec1,10,2,3.4503,17.3315,0
975,SUCCESS,exec1,10,2,3.4513,20.7828,0
1082,SUCCESS,exec1,10,2,3.4543,24.2372,0
1122,SUCCESS,exec1,10,2,3.4562,27.6933,0
1222,SUCCESS,exec1,10,2,3.4603,31.1537,0
415,SUCCESS,exec1,10,2,3.4635,34.6172,0
698,SUCCESS,exec1,10,2,3.4662,38.0833,0
1449,SUCCESS,exec1,10,2,3.468,41.5513,0
1481,SUCCESS,exec1,10,2,3.4688,45.0202,0
1113,SUCCESS,exec1,10,2,3.4713,48.4915,0
1285,SUCCESS,exec1,10,2,3.537,52.0285,0
324,SUCCESS,exec1,10,2,3.4748,55.5033,0
447,SUCCESS,exec1,10,2,3.4757,58.979,0
997,SUCCESS,exec1,10,2,3.476,62.455,0
1239,SUCCESS,exec1,10,2,3.4762,65.9312,0
747,SUCCESS,exec1,10,2,3.4775,69.4087,0
2042,SUCCESS,exec1,10,2,3.4802,72.8888,0
1770,SUCCESS,exec1,10,2,3.519,76.4078,0
1041,SUCCESS,exec1,10,2,3.4897,79.8975,0
1292,SUCCESS,exec1,10,2,3.4963,83.3938,0
1581,SUCCESS,exec1,10,2,3.4985,86.8923,0
791,SUCCESS,exec1,10,2,3.5,90.3923,0
646,SUCCESS,exec1,10,2,3.5025,93.8948,0
1649,SUCCESS,exec1,10,2,3.503,97.3978,0
1052,SUCCESS,exec1,10,2,3.51,100.9078,0
1623,SUCCESS,exec1,10,2,3.51,104.4178,0
1796,SUCCESS,exec1,10,2,3.5098,107.9277,0
1300,SUCCESS,exec1,10,2,3.517,111.4447,0
1600,SUCCESS,exec1,10,2,3.5202,114.9648,0
65,SUCCESS,exec1,10,2,3.5273,118.4922,0
864,SUCCESS,exec1,10,2,3.5305,122.0227,0
1250,SUCCESS,exec1,10,2,3.5362,125.5588,0
1175,SUCCESS,exec1,10,2,3.5368,129.0957,0
1707,SUCCESS,exec1,10,2,3.5407,132.6363,0
1754,SUCCESS,exec1,10,2,3.5437,136.18,0
216,SUCCESS,exec1,10,2,3.553,139.733,0
430,SUCCESS,exec1,10,2,3.5622,143.2952,0
668,SUCCESS,exec1,10,2,3.615,146.9102,0
940,SUCCESS,exec1,10,2,3.5657,150.4758,0
1367,SUCCESS,exec1,10,2,3.5662,154.042,0
1657,SUCCESS,exec1,10,2,3.576,157.618,0
926,SUCCESS,exec1,10,2,3.5767,161.1947,0
1866,SUCCESS,exec1,10,2,3.5805,164.7752,0
851,SUCCESS,exec1,10,2,3.5817,168.3568,0
1823,SUCCESS,exec1,10,2,3.584,171.9408,0
821,SUCCESS,exec1,10,2,3.585,175.5258,0
866,SUCCESS,exec1,10,2,3.5873,179.1132,0
539,SUCCESS,exec1,10,2,3.5875,182.7007,0
1353,SUCCESS,exec1,10,2,3.5917,186.2923,0
725,SUCCESS,exec1,10,2,3.5943,189.8867,0
522,SUCCESS,exec1,10,2,3.5957,193.4823,0
1703,SUCCESS,exec1,10,2,3.5987,197.081,0
121,SUCCESS,exec1,10,2,3.5998,200.6808,0
1568,SUCCESS,exec1,10,2,3.603,204.2838,0
691,SUCCESS,exec1,10,2,3.6975,207.9813,0
286,SUCCESS,exec1,10,2,3.6137,211.595,0
1191,SUCCESS,exec1,10,2,3.6137,215.2087,0
1870,SUCCESS,exec1,10,2,3.6137,218.8223,0
805,SUCCESS,exec1,10,2,3.6158,222.4382,0
557,SUCCESS,exec1,10,2,3.6175,226.0557,0
1215,SUCCESS,exec1,10,2,3.6208,229.6765,0
595,SUCCESS,exec1,10,2,3.622,233.2985,0
1320,SUCCESS,exec1,10,2,3.6275,236.926,0
1893,SUCCESS,exec1,10,2,3.6315,240.5575,0
367,SUCCESS,exec1,10,2,3.6323,244.1898,0
1667,SUCCESS,exec1,10,2,3.6322,247.822,0
112,SUCCESS,exec1,10,2,3.6353,251.4573,0
1488,SUCCESS,exec1,10,2,3.6352,255.0925,0
693,SUCCESS,exec1,10,2,3.6392,258.7317,0
162,SUCCESS,exec1,10,2,3.6428,262.3745,0
1011,SUCCESS,exec1,10,2,3.7115,266.086,0
1002,SUCCESS,exec1,10,2,3.6513,269.7373,0
596,SUCCESS,exec1,10,2,3.7425,273.4798,0
385,SUCCESS,exec1,10,2,3.6573,277.1372,0
373,SUCCESS,exec1,10,2,3.659,280.7962,0
1516,SUCCESS,exec1,10,2,3.6602,284.4563,0
1043,SUCCESS,exec1,10,2,3.6652,288.1215,0
258,SUCCESS,exec1,10,2,3.668,291.7895,0
1417,SUCCESS,exec1,10,2,3.677,295.4665,0
879,SUCCESS,exec1,10,2,3.685,299.1515,0
1147,SUCCESS,exec1,10,2,3.6918,302.8433,0
143,SUCCESS,exec1,10,2,3.694,306.5373,0
199,SUCCESS,exec1,10,2,3.7,310.2373,0
1212,SUCCESS,exec1,10,2,3.7005,313.9378,0
1731,SUCCESS,exec1,10,2,3.7675,317.7053,0
2010,SUCCESS,exec1,10,2,3.706,321.4113,0
1715,SUCCESS,exec1,10,2,3.7107,325.122,0
1865,SUCCESS,exec1,10,2,3.7112,328.8332,0
318,SUCCESS,exec1,10,2,3.7117,332.5448,0
1561,SUCCESS,exec1,10,2,3.7147,336.2595,0
1709,SUCCESS,exec1,10,2,3.7142,339.9737,0
856,SUCCESS,exec1,10,2,3.7865,343.7602,0
1420,SUCCESS,exec1,10,2,3.723,347.4832,0
237,SUCCESS,exec1,10,2,3.7237,351.2068,0
171,SUCCESS,exec1,10,2,3.7307,354.9375,0
2005,SUCCESS,exec1,10,2,3.7303,358.6678,0
1157,SUCCESS,exec1,10,2,3.7352,362.403,0
9,SUCCESS,exec1,10,2,3.7395,366.1425,0
1517,SUCCESS,exec1,10,2,3.7428,369.8853,0
1820,SUCCESS,exec1,10,2,3.7433,373.6287,0
1740,SUCCESS,exec1,10,2,3.7462,377.3748,0
609,SUCCESS,exec1,10,2,3.7485,381.1233,0
1966,SUCCESS,exec1,10,2,3.7625,384.8858,0
925,SUCCESS,exec1,10,2,3.7538,388.6397,0
1096,SUCCESS,exec1,10,2,3.7545,392.3942,0
1508,SUCCESS,exec1,10,2,3.7547,396.1488,0
966,SUCCESS,exec1,10,2,3.76,399.9088,0
1428,SUCCESS,exec1,10,2,3.7623,403.6712,0
1846,SUCCESS,exec1,10,2,3.7628,407.434,0
1994,SUCCESS,exec1,10,2,3.778,411.212,0
732,SUCCESS,exec1,10,2,3.7687,414.9807,0
1045,SUCCESS,exec1,10,2,3.7698,418.7505,0
979,SUCCESS,exec1,10,2,3.7707,422.5212,0
1886,SUCCESS,exec1,10,2,3.773,426.2942,0
1652,SUCCESS,exec1,10,2,3.7767,430.0708,0
1036,SUCCESS,exec1,10,2,3.7793,433.8502,0
616,SUCCESS,exec1,10,2,3.7853,437.6355,0
1978,SUCCESS,exec1,10,2,3.7853,441.4208,0
582,SUCCESS,exec1,10,2,3.7902,445.211,0
1216,SUCCESS,exec1,10,2,3.7908,449.0018,0
459,SUCCESS,exec1,10,2,3.7918,452.7937,0
1877,SUCCESS,exec1,10,2,3.7957,456.5893,0
1046,SUCCESS,exec1,10,2,3.858,460.4473,0
1612,SUCCESS,exec1,10,2,3.7983,464.2457,0
2035,SUCCESS,exec1,10,2,3.8003,468.046,0
568,SUCCESS,exec1,10,2,3.8035,471.8495,0
1808,SUCCESS,exec1,10,2,3.8125,475.662,0
1255,SUCCESS,exec1,10,2,3.819,479.481,0
120,SUCCESS,exec1,10,2,3.8203,483.3013,0
1333,SUCCESS,exec1,10,2,3.8203,487.1217,0
681,SUCCESS,exec1,10,2,3.8212,490.9428,0
1025,SUCCESS,exec1,10,2,3.822,494.7648,0
1375,SUCCESS,exec1,10,2,3.8227,498.5875,0
2022,SUCCESS,exec1,10,2,3.8258,502.4133,0
960,SUCCESS,exec1,10,2,3.8277,506.241,0
360,SUCCESS,exec1,10,2,3.8297,510.0707,0
1023,SUCCESS,exec1,10,2,3.831,513.9017,0
446,SUCCESS,exec1,10,2,3.8318,517.7335,0
208,SUCCESS,exec1,10,2,3.8332,521.5667,0
44,SUCCESS,exec1,10,2,3.835,525.4017,0
1447,SUCCESS,exec1,10,2,3.8665,529.2682,0
951,SUCCESS,exec1,10,2,3.8385,533.1067,0
969,SUCCESS,exec1,10,2,3.8398,536.9465,0
846,SUCCESS,exec1,10,2,3.8452,540.7917,0
1334,SUCCESS,exec1,10,2,3.8473,544.639,0
1347,SUCCESS,exec1,10,2,3.8468,548.4858,0
146,SUCCESS,exec1,10,2,3.851,552.3368,0
1432,SUCCESS,exec1,10,2,3.929,556.2658,0
937,SUCCESS,exec1,10,2,3.8593,560.1252,0
1436,SUCCESS,exec1,10,2,3.8637,563.9888,0
989,SUCCESS,exec1,10,2,3.8653,567.8542,0
1062,SUCCESS,exec1,10,2,3.8665,571.7207,0
566,SUCCESS,exec1,10,2,3.8678,575.5885,0
1404,SUCCESS,exec1,10,2,3.8702,579.4587,0
1971,SUCCESS,exec1,10,2,3.8705,583.3292,0
994,SUCCESS,exec1,10,2,3.8723,587.2015,0
1075,SUCCESS,exec1,10,2,3.8742,591.0757,0
907,SUCCESS,exec1,10,2,3.8783,594.954,0
1698,SUCCESS,exec1,10,2,3.8793,598.8333,0
774,SUCCESS,exec1,10,2,3.88,602.7133,0
1094,SUCCESS,exec1,10,2,3.88,606.5933,0
119,SUCCESS,exec1,10,2,3.8833,610.4767,0
1479,SUCCESS,exec1,10,2,3.887,614.3637,0
222,SUCCESS,exec1,10,2,3.8903,618.254,0
24,SUCCESS,exec1,10,2,3.8923,622.1463,0
1061,SUCCESS,exec1,10,2,3.8927,626.039,0
1787,SUCCESS,exec1,10,2,3.9015,629.9405,0
1904,SUCCESS,exec1,10,2,3.9115,633.852,0
92,SUCCESS,exec1,10,2,3.9148,637.7668,0
895,SUCCESS,exec1,10,2,3.9153,641.6822,0
1071,SUCCESS,exec1,10,2,3.9178,645.6,0
752,SUCCESS,exec1,10,2,3.9187,649.5187,0
1962,SUCCESS,exec1,10,2,3.9198,653.4385,0
1063,SUCCESS,exec1,10,2,3.926,657.3645,0
510,SUCCESS,exec1,10,2,3.9302,661.2947,0
578,SUCCESS,exec1,10,2,3.935,665.2297,0
192,SUCCESS,exec1,10,2,3.9367,669.1663,0
1939,SUCCESS,exec1,10,2,3.9387,673.105,0
741,SUCCESS,exec1,10,2,3.9392,677.0442,0
1455,SUCCESS,exec1,10,2,3.9398,680.984,0
492,SUCCESS,exec1,10,2,3.944,684.928,0
1713,SUCCESS,exec1,10,2,3.9463,688.8743,0
402,SUCCESS,exec1,10,2,3.9507,692.825,0
1958,SUCCESS,exec1,10,2,3.9617,696.7867,0
1717,SUCCESS,exec1,10,2,3.97,700.7567,0
702,SUCCESS,exec1,10,2,3.9712,704.7278,0
315,SUCCESS,exec1,10,2,3.9773,708.7052,0
1541,SUCCESS,exec1,10,2,3.9807,712.6858,0
1170,SUCCESS,exec1,10,2,3.9897,716.6755,0
666,SUCCESS,exec1,10,2,3.991,720.6665,0
494,SUCCESS,exec1,10,2,3.9918,724.6583,0
1896,SUCCESS,exec1,10,2,3.9952,728.6535,0
408,SUCCESS,exec1,10,2,3.9965,732.65,0
1108,SUCCESS,exec1,10,2,3.9967,736.6467,0
19,SUCCESS,exec1,10,2,3.9978,740.6445,0
516,SUCCESS,exec1,10,2,3.998,744.6425,0
1640,SUCCESS,exec1,10,2,3.9985,748.641,0
1693,SUCCESS,exec1,10,2,3.9992,752.6402,0
457,SUCCESS,exec1,10,2,4.0007,756.6408,0
498,SUCCESS,exec1,10,2,4.0005,760.6413,0
1169,SUCCESS,exec1,10,2,4.004,764.6453,0
1824,SUCCESS,exec1,10,2,4.0107,768.656,0
905,SUCCESS,exec1,10,2,4.0117,772.6677,0
1882,SUCCESS,exec1,10,2,4.014,776.6817,0
145,SUCCESS,exec1,10,2,4.0143,780.696,0
1884,SUCCESS,exec1,10,2,4.0173,784.7133,0
1692,SUCCESS,exec1,10,2,4.0193,788.7327,0
2011,SUCCESS,exec1,10,2,4.0218,792.7545,0
327,SUCCESS,exec1,10,2,4.024,796.7785,0
211,SUCCESS,exec1,10,2,4.0242,800.8027,0
1930,SUCCESS,exec1,10,2,4.0275,804.8302,0
1685,SUCCESS,exec1,10,2,4.0292,808.8593,0
1180,SUCCESS,exec1,10,2,4.04,812.8993,0
1202,SUCCESS,exec1,10,2,4.0402,816.9395,0
1311,SUCCESS,exec1,10,2,4.0453,820.9848,0
135,SUCCESS,exec1,10,2,4.0508,825.0357,0
1832,SUCCESS,exec1,10,2,4.0513,829.087,0
861,SUCCESS,exec1,10,2,4.0517,833.1387,0
1562,SUCCESS,exec1,10,2,4.0522,837.1908,0
658,SUCCESS,exec1,10,2,4.0578,841.2487,0
1524,SUCCESS,exec1,10,2,4.0613,845.31,0
833,SUCCESS,exec1,10,2,4.0622,849.3722,0
349,SUCCESS,exec1,10,2,4.0697,853.4418,0
1442,SUCCESS,exec1,10,2,4.0695,857.5113,0
1945,SUCCESS,exec1,10,2,4.0703,861.5817,0
684,SUCCESS,exec1,10,2,4.0713,865.653,0
1440,SUCCESS,exec1,10,2,4.075,869.728,0
580,SUCCESS,exec1,10,2,4.0825,873.8105,0
1782,SUCCESS,exec1,10,2,4.179,877.9895,0
206,SUCCESS,exec1,10,2,4.177,882.1665,0
1031,SUCCESS,exec1,10,2,4.0907,886.2572,0
1318,SUCCESS,exec1,10,2,4.0933,890.3505,0
696,SUCCESS,exec1,10,2,4.0948,894.4453,0
496,SUCCESS,exec1,10,2,4.1028,898.5482,0
1589,SUCCESS,exec1,10,2,4.1048,902.653,0
1145,SUCCESS,exec1,10,2,4.1068,906.7598,0
290,SUCCESS,exec1,10,2,4.109,910.8688,0
1000,SUCCESS,exec1,10,2,4.1107,914.9795,0
1262,SUCCESS,exec1,10,2,4.1305,919.11,0
1306,SUCCESS,exec1,10,2,4.136,923.246,0
1329,SUCCESS,exec1,10,2,4.1365,927.3825,0
964,SUCCESS,exec1,10,2,4.183,931.5655,0
629,SUCCESS,exec1,10,2,4.142,935.7075,0
1943,SUCCESS,exec1,10,2,4.1425,939.85,0
422,SUCCESS,exec1,10,2,4.1505,944.0005,0
1633,SUCCESS,exec1,10,2,4.16,948.1605,0
1899,SUCCESS,exec1,10,2,4.1605,952.321,0
1477,SUCCESS,exec1,10,2,4.1635,956.4845,0
883,SUCCESS,exec1,10,2,4.1685,960.653,0
1997,SUCCESS,exec1,10,2,4.1815,964.8345,0
1594,SUCCESS,exec1,10,2,4.185,969.0195,0
1574,SUCCESS,exec1,10,2,4.186,973.2055,0
917,SUCCESS,exec1,10,2,4.1915,977.397,0
210,SUCCESS,exec1,10,2,4.1995,981.5965,0
1249,SUCCESS,exec1,10,2,4.2055,985.802,0
1060,SUCCESS,exec1,10,2,4.21,990.012,0
1125,SUCCESS,exec1,10,2,4.2105,994.2225,0
499,SUCCESS,exec1,10,2,4.216,998.4385,0
713,SUCCESS,exec1,10,2,4.2165,1002.655,0
1287,SUCCESS,exec1,10,2,4.223,1006.878,0
1515,SUCCESS,exec1,10,2,4.2255,1011.1035,0
1639,SUCCESS,exec1,10,2,4.2,1015.3035,0
1419,SUCCESS,exec1,10,2,4.1633,1019.4668,0
1975,SUCCESS,exec1,10,2,4.1633,1023.6302,0
1788,SUCCESS,exec1,10,2,4.168,1027.7982,0
1087,SUCCESS,exec1,10,2,4.1703,1031.9685,0
1362,SUCCESS,exec1,10,2,4.1847,1036.1532,0
880,SUCCESS,exec1,10,2,4.1853,1040.3385,0
1843,SUCCESS,exec1,10,2,4.1852,1044.5237,0
1838,SUCCESS,exec1,10,2,4.1867,1048.7103,0
680,SUCCESS,exec1,10,2,4.1873,1052.8977,0
1478,SUCCESS,exec1,10,2,4.1908,1057.0885,0
1374,SUCCESS,exec1,10,2,4.1918,1061.2803,0
1890,SUCCESS,exec1,10,2,4.199,1065.4793,0
75,SUCCESS,exec1,10,2,4.2008,1069.6802,0
224,SUCCESS,exec1,10,2,4.202,1073.8822,0
1927,SUCCESS,exec1,10,2,4.2042,1078.0863,0
669,SUCCESS,exec1,10,2,4.2103,1082.2967,0
527,SUCCESS,exec1,10,2,4.2138,1086.5105,0
1990,SUCCESS,exec1,10,2,4.2157,1090.7262,0
660,SUCCESS,exec1,10,2,4.2178,1094.944,0
512,SUCCESS,exec1,10,2,4.219,1099.163,0
1224,SUCCESS,exec1,10,2,4.2243,1103.3873,0
1348,SUCCESS,exec1,10,2,4.225,1107.6123,0
1837,SUCCESS,exec1,10,2,4.2283,1111.8407,0
1929,SUCCESS,exec1,10,2,4.23,1116.0707,0
551,SUCCESS,exec1,10,2,4.2357,1120.3063,0
412,SUCCESS,exec1,10,2,4.2372,1124.5435,0
1373,SUCCESS,exec1,10,2,4.2408,1128.7843,0
1154,SUCCESS,exec1,10,2,4.2515,1133.0358,0
1746,SUCCESS,exec1,10,2,4.248,1137.2838,0
845,SUCCESS,exec1,10,2,4.2513,1141.5352,0
470,SUCCESS,exec1,10,2,4.2552,1145.7903,0
39,SUCCESS,exec1,10,2,4.2587,1150.049,0
389,SUCCESS,exec1,10,2,4.2613,1154.3103,0
302,SUCCESS,exec1,10,2,4.262,1158.5723,0
1446,SUCCESS,exec1,10,2,4.262,1162.8343,0
565,SUCCESS,exec1,10,2,4.2622,1167.0965,0
95,SUCCESS,exec1,10,2,4.2637,1171.3602,0
809,SUCCESS,exec1,10,2,4.273,1175.6332,0
770,SUCCESS,exec1,10,2,4.2708,1179.904,0
242,SUCCESS,exec1,10,2,4.2722,1184.1762,0
526,SUCCESS,exec1,10,2,4.273,1188.4492,0
32,SUCCESS,exec1,10,2,4.2762,1192.7253,0
525,SUCCESS,exec1,10,2,4.2767,1197.002,0
194,SUCCESS,exec1,10,2,4.344,1201.346,0
1077,SUCCESS,exec1,10,2,4.286,1205.632,0
83,SUCCESS,exec1,10,2,4.2863,1209.9183,0
1190,SUCCESS,exec1,10,2,4.2898,1214.2082,0
348,SUCCESS,exec1,10,2,4.2917,1218.4998,0
165,SUCCESS,exec1,10,2,4.297,1222.7968,0
1897,SUCCESS,exec1,10,2,4.2968,1227.0937,0
1607,SUCCESS,exec1,10,2,4.3007,1231.3943,0
619,SUCCESS,exec1,10,2,4.3013,1235.6957,0
1552,SUCCESS,exec1,10,2,4.3012,1239.9968,0
1659,SUCCESS,exec1,10,2,4.3043,1244.3012,0
959,SUCCESS,exec1,10,2,4.3087,1248.6098,0
1243,SUCCESS,exec1,10,2,4.3117,1252.9215,0
1690,SUCCESS,exec1,10,2,4.3162,1257.2377,0
633,SUCCESS,exec1,10,2,4.3172,1261.5548,0
1246,SUCCESS,exec1,10,2,4.3172,1265.872,0
1840,SUCCESS,exec1,10,2,4.392,1270.264,0
1813,SUCCESS,exec1,10,2,4.3223,1274.5863,0
64,SUCCESS,exec1,10,2,4.329,1278.9153,0
1493,SUCCESS,exec1,10,2,4.3293,1283.2447,0
1297,SUCCESS,exec1,10,2,4.3315,1287.5762,0
636,SUCCESS,exec1,10,2,4.4235,1291.9997,0
1601,SUCCESS,exec1,10,2,4.336,1296.3357,0
954,SUCCESS,exec1,10,2,4.3378,1300.6735,0
708,SUCCESS,exec1,10,2,4.3395,1305.013,0
888,SUCCESS,exec1,10,2,4.3418,1309.3548,0
640,SUCCESS,exec1,10,2,4.3452,1313.7,0
738,SUCCESS,exec1,10,2,4.35,1318.05,0
2014,SUCCESS,exec1,10,2,4.351,1322.401,0
655,SUCCESS,exec1,10,2,4.3553,1326.7563,0
1952,SUCCESS,exec1,10,2,4.3558,1331.1122,0
1566,SUCCESS,exec1,10,2,4.36,1335.4722,0
837,SUCCESS,exec1,10,2,4.3623,1339.8345,0
577,SUCCESS,exec1,10,2,4.3645,1344.199,0
407,SUCCESS,exec1,10,2,4.367,1348.566,0
1780,SUCCESS,exec1,10,2,4.37,1352.936,0
244,SUCCESS,exec1,10,2,4.3995,1357.3355,0
1540,SUCCESS,exec1,10,2,4.3775,1361.713,0
657,SUCCESS,exec1,10,2,4.3803,1366.0933,0
1816,SUCCESS,exec1,10,2,4.3803,1370.4737,0
1197,SUCCESS,exec1,10,2,4.3822,1374.8558,0
1489,SUCCESS,exec1,10,2,4.3857,1379.2415,0
1194,SUCCESS,exec1,10,2,4.387,1383.6285,0
38,SUCCESS,exec1,10,2,4.3878,1388.0163,0
1085,SUCCESS,exec1,10,2,4.3877,1392.404,0
1522,SUCCESS,exec1,10,2,4.4835,1396.8875,0
279,SUCCESS,exec1,10,2,4.3902,1401.2777,0
1643,SUCCESS,exec1,10,2,4.395,1405.6727,0
1022,SUCCESS,exec1,10,2,4.398,1410.0707,0
1452,SUCCESS,exec1,10,2,4.3977,1414.4683,0
928,SUCCESS,exec1,10,2,4.3988,1418.8672,0
634,SUCCESS,exec1,10,2,4.4033,1423.2705,0
1506,SUCCESS,exec1,10,2,4.4065,1427.677,0
1534,SUCCESS,exec1,10,2,4.4077,1432.0847,0
610,SUCCESS,exec1,10,2,4.415,1436.4997,0
996,SUCCESS,exec1,10,2,4.4157,1440.9153,0
1833,SUCCESS,exec1,10,2,4.4188,1445.3342,0
1369,SUCCESS,exec1,10,2,4.4223,1449.7565,0
1849,SUCCESS,exec1,10,2,4.4225,1454.179,0
218,SUCCESS,exec1,10,2,4.4233,1458.6023,0
2017,SUCCESS,exec1,10,2,4.4278,1463.0302,0
431,SUCCESS,exec1,10,2,4.4288,1467.459,0
772,SUCCESS,exec1,10,2,4.4307,1471.8897,0
1014,SUCCESS,exec1,10,2,4.501,1476.3907,0
1827,SUCCESS,exec1,10,2,4.44,1480.8307,0
1388,SUCCESS,exec1,10,2,4.4408,1485.2715,0
421,SUCCESS,exec1,10,2,4.4443,1489.7158,0
1433,SUCCESS,exec1,10,2,4.4455,1494.1613,0
306,SUCCESS,exec1,10,2,4.451,1498.6123,0
142,SUCCESS,exec1,10,2,4.452,1503.0643,0
1938,SUCCESS,exec1,10,2,4.4562,1507.5205,0
674,SUCCESS,exec1,10,2,4.4582,1511.9787,0
785,SUCCESS,exec1,10,2,4.4657,1516.4443,0
602,SUCCESS,exec1,10,2,4.4683,1520.9127,0
448,SUCCESS,exec1,10,2,4.4695,1525.3822,0
57,SUCCESS,exec1,10,2,4.4742,1529.8563,0
350,SUCCESS,exec1,10,2,4.5205,1534.3768,0
1463,SUCCESS,exec1,10,2,4.476,1538.8528,0
450,SUCCESS,exec1,10,2,4.478,1543.3308,0
273,SUCCESS,exec1,10,2,4.4807,1547.8115,0
2047,SUCCESS,exec1,10,2,4.4807,1552.2922,0
1895,SUCCESS,exec1,10,2,4.482,1556.7742,0
1729,SUCCESS,exec1,10,2,4.4873,1561.2615,0
1325,SUCCESS,exec1,10,2,4.4892,1565.7507,0
760,SUCCESS,exec1,10,2,4.492,1570.2427,0
289,SUCCESS,exec1,10,2,4.4935,1574.7362,0
1274,SUCCESS,exec1,10,2,4.4937,1579.2298,0
778,SUCCESS,exec1,10,2,4.4942,1583.724,0
96,SUCCESS,exec1,10,2,4.4992,1588.2232,0
676,SUCCESS,exec1,10,2,4.5,1592.7232,0
787,SUCCESS,exec1,10,2,4.4998,1597.223,0
275,SUCCESS,exec1,10,2,4.5022,1601.7252,0
1906,SUCCESS,exec1,10,2,4.5825,1606.3077,0
1038,SUCCESS,exec1,10,2,4.5097,1610.8173,0
1242,SUCCESS,exec1,10,2,4.5132,1615.3305,0
2013,SUCCESS,exec1,10,2,4.5128,1619.8433,0
1915,SUCCESS,exec1,10,2,4.514,1624.3573,0
1039,SUCCESS,exec1,10,2,4.516,1628.8733,0
1773,SUCCESS,exec1,10,2,4.532,1633.4053,0
1409,SUCCESS,exec1,10,2,4.5297,1637.935,0
1798,SUCCESS,exec1,10,2,4.5297,1642.4647,0
1029,SUCCESS,exec1,10,2,4.5337,1646.9983,0
98,SUCCESS,exec1,10,2,4.566,1651.5643,0
304,SUCCESS,exec1,10,2,4.536,1656.1003,0
1925,SUCCESS,exec1,10,2,4.607,1660.7073,0
751,SUCCESS,exec1,10,2,4.55,1665.2573,0
1999,SUCCESS,exec1,10,2,4.5497,1669.807,0
1109,SUCCESS,exec1,10,2,4.5567,1674.3637,0
867,SUCCESS,exec1,10,2,4.5593,1678.923,0
1615,SUCCESS,exec1,10,2,4.56,1683.483,0
839,SUCCESS,exec1,10,2,4.5627,1688.0457,0
1934,SUCCESS,exec1,10,2,4.5653,1692.611,0
213,SUCCESS,exec1,10,2,4.5667,1697.1777,0
1761,SUCCESS,exec1,10,2,4.5697,1701.7473,0
901,SUCCESS,exec1,10,2,4.5727,1706.32,0
70,SUCCESS,exec1,10,2,4.5753,1710.8953,0
405,SUCCESS,exec1,10,2,4.5757,1715.471,0
47,SUCCESS,exec1,10,2,4.5763,1720.0473,0
1283,SUCCESS,exec1,10,2,4.582,1724.6293,0
1429,SUCCESS,exec1,10,2,4.584,1729.2133,0
1091,SUCCESS,exec1,10,2,4.587,1733.8003,0
799,SUCCESS,exec1,10,2,4.67,1738.4703,0
1634,SUCCESS,exec1,10,2,4.5953,1743.0657,0
1139,SUCCESS,exec1,10,2,4.5963,1747.662,0
2041,SUCCESS,exec1,10,2,4.597,1752.259,0
1668,SUCCESS,exec1,10,2,4.598,1756.857,0
865,SUCCESS,exec1,10,2,4.5987,1761.4557,0
1980,SUCCESS,exec1,10,2,4.5983,1766.054,0
721,SUCCESS,exec1,10,2,4.599,1770.653,0
364,SUCCESS,exec1,10,2,4.6,1775.253,0
1275,SUCCESS,exec1,10,2,4.6,1779.853,0
333,SUCCESS,exec1,10,2,4.602,1784.455,0
635,SUCCESS,exec1,10,2,4.6143,1789.0693,0
836,SUCCESS,exec1,10,2,4.6173,1793.6867,0
1682,SUCCESS,exec1,10,2,4.6233,1798.31,0
1378,SUCCESS,exec1,10,2,4.624,1802.934,0
1183,SUCCESS,exec1,10,2,4.6243,1807.5583,0
827,SUCCESS,exec1,10,2,4.6253,1812.1837,0
876,SUCCESS,exec1,10,2,4.662,1816.8457,0
5,SUCCESS,exec1,10,2,4.694,1821.5397,0
1745,SUCCESS,exec1,10,2,4.6473,1826.187,0
429,SUCCESS,exec1,10,2,4.654,1830.841,0
1402,SUCCESS,exec1,10,2,4.6537,1835.4947,0
781,SUCCESS,exec1,10,2,4.6553,1840.15,0
1631,SUCCESS,exec1,10,2,4.6553,1844.8053,0
824,SUCCESS,exec1,10,2,4.6565,1849.4618,0
688,SUCCESS,exec1,10,2,4.6723,1854.1342,0
1571,SUCCESS,exec1,10,2,4.677,1858.8112,0
284,SUCCESS,exec1,10,2,4.6908,1863.502,0
1763,SUCCESS,exec1,10,2,4.692,1868.194,0
1725,SUCCESS,exec1,10,2,4.697,1872.891,0
813,SUCCESS,exec1,10,2,4.7017,1877.5927,0
1620,SUCCESS,exec1,10,2,4.7032,1882.2958,0
1284,SUCCESS,exec1,10,2,4.7122,1887.008,0
893,SUCCESS,exec1,10,2,4.7195,1891.7275,0
1942,SUCCESS,exec1,10,2,4.7245,1896.452,0
178,SUCCESS,exec1,10,2,4.7253,1901.1773,0
147,SUCCESS,exec1,10,2,4.7268,1905.9042,0
317,SUCCESS,exec1,10,2,4.7397,1910.6438,0
689,SUCCESS,exec1,10,2,4.7408,1915.3847,0
729,SUCCESS,exec1,10,2,4.743,1920.1277,0
1564,SUCCESS,exec1,10,2,4.7437,1924.8713,0
440,SUCCESS,exec1,10,2,4.7478,1929.6192,0
1156,SUCCESS,exec1,10,2,4.7665,1934.3857,0
1862,SUCCESS,exec1,10,2,4.7675,1939.1532,0
1735,SUCCESS,exec1,10,2,4.7732,1943.9263,0
1753,SUCCESS,exec1,10,2,4.7773,1948.7037,0
51,SUCCESS,exec1,10,2,4.78,1953.4837,0
1207,SUCCESS,exec1,10,2,4.7838,1958.2675,0
1700,SUCCESS,exec1,10,2,4.7868,1963.0543,0
1282,SUCCESS,exec1,10,2,4.838,1967.8923,0
186,SUCCESS,exec1,10,2,4.7908,1972.6832,0
795,SUCCESS,exec1,10,2,4.793,1977.4762,0
1951,SUCCESS,exec1,10,2,4.8008,1982.277,0
1523,SUCCESS,exec1,10,2,4.8113,1987.0883,0
1269,SUCCESS,exec1,10,2,4.8177,1991.906,0
1614,SUCCESS,exec1,10,2,4.8202,1996.7262,0
153,SUCCESS,exec1,10,2,4.823,2001.5492,0
226,SUCCESS,exec1,10,2,4.906,2006.4552,0
985,SUCCESS,exec1,10,2,4.9195,2011.3747,0
1364,SUCCESS,exec1,10,2,4.92,2016.2947,0
283,SUCCESS,exec1,10,2,4.864,2021.1587,0
1441,SUCCESS,exec1,10,2,4.8403,2025.999,0
1301,SUCCESS,exec1,10,2,4.8433,2030.8423,0
1774,SUCCESS,exec1,10,2,4.8535,2035.6958,0
1149,SUCCESS,exec1,10,2,4.8598,2040.5557,0
1422,SUCCESS,exec1,10,2,4.8637,2045.4193,0
1751,SUCCESS,exec1,10,2,4.8655,2050.2848,0
144,SUCCESS,exec1,10,2,4.8662,2055.151,0
765,SUCCESS,exec1,10,2,4.867,2060.018,0
36,SUCCESS,exec1,10,2,4.8677,2064.8857,0
1293,SUCCESS,exec1,10,2,4.8842,2069.7698,0
1757,SUCCESS,exec1,10,2,4.8877,2074.6575,0
1217,SUCCESS,exec1,10,2,4.8883,2079.5458,0
1394,SUCCESS,exec1,10,2,4.8883,2084.4342,0
998,SUCCESS,exec1,10,2,4.895,2089.3292,0
560,SUCCESS,exec1,10,2,4.8972,2094.2263,0
1689,SUCCESS,exec1,10,2,4.99,2099.2163,0
1867,SUCCESS,exec1,10,2,4.8987,2104.115,0
1670,SUCCESS,exec1,10,2,4.904,2109.019,0
1237,SUCCESS,exec1,10,2,4.9143,2113.9333,0
2026,SUCCESS,exec1,10,2,4.9187,2118.852,0
1231,SUCCESS,exec1,10,2,4.9227,2123.7747,0
301,SUCCESS,exec1,10,2,3.4382,2127.2128,0
1261,SUCCESS,exec1,10,3,3.7017,3.8017,0
234,SUCCESS,exec1,10,3,3.7035,7.5052,0
255,SUCCESS,exec1,10,3,3.7053,11.2105,0
1555,SUCCESS,exec1,10,3,3.7057,14.9162,0
1901,SUCCESS,exec1,10,3,3.7113,18.6275,0
308,SUCCESS,exec1,10,3,3.8043,22.4318,0
411,SUCCESS,exec1,10,3,3.7188,26.1507,0
1584,SUCCESS,exec1,10,3,3.7197,29.8703,0
1430,SUCCESS,exec1,10,3,3.7228,33.5932,0
1704,SUCCESS,exec1,10,3,3.7275,37.3207,0
1511,SUCCESS,exec1,10,3,3.7287,41.0493,0
2037,SUCCESS,exec1,10,3,3.7355,44.7848,0
764,SUCCESS,exec1,10,3,3.8167,48.6015,0
786,SUCCESS,exec1,10,3,3.7375,52.339,0
2033,SUCCESS,exec1,10,3,3.7373,56.0763,0
953,SUCCESS,exec1,10,3,3.7377,59.814,0
214,SUCCESS,exec1,10,3,3.7505,63.5645,0
1795,SUCCESS,exec1,10,3,3.7522,67.3167,0
1403,SUCCESS,exec1,10,3,3.7565,71.0732,0
1804,SUCCESS,exec1,10,3,3.7567,74.8298,0
587,SUCCESS,exec1,10,3,3.821,78.6508,0
1199,SUCCESS,exec1,10,3,3.7597,82.4105,0
1583,SUCCESS,exec1,10,3,3.7618,86.1723,0
1312,SUCCESS,exec1,10,3,3.772,89.9443,0
1112,SUCCESS,exec1,10,3,3.7645,93.7088,0
35,SUCCESS,exec1,10,3,3.799,97.5078,0
1679,SUCCESS,exec1,10,3,3.768,101.2758,0
924,SUCCESS,exec1,10,3,3.7705,105.0463,0
433,SUCCESS,exec1,10,3,3.7723,108.8187,0
43,SUCCESS,exec1,10,3,3.7755,112.5942,0
1743,SUCCESS,exec1,10,3,3.8827,116.4768,0
361,SUCCESS,exec1,10,3,3.7818,120.2587,0
1116,SUCCESS,exec1,10,3,3.7855,124.0442,0
1486,SUCCESS,exec1,10,3,3.7862,127.8303,0
780,SUCCESS,exec1,10,3,3.7893,131.6197,0
251,SUCCESS,exec1,10,3,3.7897,135.4093,0
181,SUCCESS,exec1,10,3,3.7957,139.205,0
134,SUCCESS,exec1,10,3,3.7975,143.0025,0
882,SUCCESS,exec1,10,3,3.7977,146.8002,0
259,SUCCESS,exec1,10,3,3.8032,150.6033,0
1205,SUCCESS,exec1,10,3,3.8057,154.409,0
1909,SUCCESS,exec1,10,3,3.806,158.215,0
487,SUCCESS,exec1,10,3,3.8062,162.0212,0
168,SUCCESS,exec1,10,3,3.811,165.8322,0
1454,SUCCESS,exec1,10,3,3.8117,169.6438,0
1295,SUCCESS,exec1,10,3,3.813,173.4568,0
1350,SUCCESS,exec1,10,3,3.814,177.2708,0
1193,SUCCESS,exec1,10,3,3.8168,181.0877,0
919,SUCCESS,exec1,10,3,3.822,184.9097,0
1794,SUCCESS,exec1,10,3,3.8237,188.7333,0
1539,SUCCESS,exec1,10,3,3.8263,192.5597,0
1451,SUCCESS,exec1,10,3,3.8267,196.3863,0
1835,SUCCESS,exec1,10,3,3.8272,200.2135,0
588,SUCCESS,exec1,10,3,3.8283,204.0418,0
1203,SUCCESS,exec1,10,3,3.8295,207.8713,0
1903,SUCCESS,exec1,10,3,3.8337,211.705,0
986,SUCCESS,exec1,10,3,3.8357,215.5407,0
1959,SUCCESS,exec1,10,3,3.8372,219.3778,0
154,SUCCESS,exec1,10,3,3.8388,223.2167,0
2031,SUCCESS,exec1,10,3,3.8465,227.0632,0
1767,SUCCESS,exec1,10,3,3.8753,230.9385,0
1861,SUCCESS,exec1,10,3,3.8475,234.786,0
894,SUCCESS,exec1,10,3,3.8495,238.6355,0
3,SUCCESS,exec1,10,3,3.853,242.4885,0
1012,SUCCESS,exec1,10,3,3.8528,246.3413,0
1671,SUCCESS,exec1,10,3,3.8527,250.194,0
1648,SUCCESS,exec1,10,3,3.8538,254.0478,0
355,SUCCESS,exec1,10,3,3.8552,257.903,0
68,SUCCESS,exec1,10,3,3.8582,261.7612,0
1756,SUCCESS,exec1,10,3,3.8588,265.62,0
240,SUCCESS,exec1,10,3,3.888,269.508,0
1918,SUCCESS,exec1,10,3,3.8618,273.3698,0
1674,SUCCESS,exec1,10,3,3.8773,277.2472,0
82,SUCCESS,exec1,10,3,3.8705,281.1177,0
750,SUCCESS,exec1,10,3,3.8702,284.9878,0
1276,SUCCESS,exec1,10,3,3.8747,288.8625,0
358,SUCCESS,exec1,10,3,3.876,292.7385,0
1464,SUCCESS,exec1,10,3,3.879,296.6175,0
1103,SUCCESS,exec1,10,3,3.8905,300.508,0
1775,SUCCESS,exec1,10,3,3.8913,304.3993,0
1859,SUCCESS,exec1,10,3,3.894,308.2933,0
1006,SUCCESS,exec1,10,3,3.9005,312.1938,0
1289,SUCCESS,exec1,10,3,3.9055,316.0993,0
156,SUCCESS,exec1,10,3,3.919,320.0183,0
1252,SUCCESS,exec1,10,3,3.92,323.9383,0
1722,SUCCESS,exec1,10,3,3.9212,327.8595,0
546,SUCCESS,exec1,10,3,4.0187,331.8782,0
829,SUCCESS,exec1,10,3,3.9227,335.8008,0
1714,SUCCESS,exec1,10,3,3.9242,339.725,0
200,SUCCESS,exec1,10,3,3.9252,343.6502,0
1619,SUCCESS,exec1,10,3,3.943,347.5932,0
272,SUCCESS,exec1,10,3,3.9447,351.5378,0
734,SUCCESS,exec1,10,3,3.9467,355.4845,0
14,SUCCESS,exec1,10,3,3.9478,359.4323,0
1067,SUCCESS,exec1,10,3,3.9502,363.3825,0
1498,SUCCESS,exec1,10,3,3.9575,367.34,0
1647,SUCCESS,exec1,10,3,3.9593,371.2993,0
1597,SUCCESS,exec1,10,3,3.9608,375.2602,0
253,SUCCESS,exec1,10,3,3.9652,379.2253,0
1164,SUCCESS,exec1,10,3,3.9675,383.1928,0
1718,SUCCESS,exec1,10,3,3.9685,387.1613,0
1825,SUCCESS,exec1,10,3,3.9698,391.1312,0
1748,SUCCESS,exec1,10,3,3.981,395.1122,0
930,SUCCESS,exec1,10,3,4.0107,399.1228,0
79,SUCCESS,exec1,10,3,3.989,403.1118,0
723,SUCCESS,exec1,10,3,3.9948,407.1067,0
891,SUCCESS,exec1,10,3,3.9953,411.102,0
1548,SUCCESS,exec1,10,3,3.9952,415.0972,0
1604,SUCCESS,exec1,10,3,3.9953,419.0925,0
1630,SUCCESS,exec1,10,3,4.0017,423.0942,0
1977,SUCCESS,exec1,10,3,4.014,427.1082,0
852,SUCCESS,exec1,10,3,4.0047,431.1128,0
815,SUCCESS,exec1,10,3,4.0073,435.1202,0
1912,SUCCESS,exec1,10,3,4.0093,439.1295,0
1030,SUCCESS,exec1,10,3,4.0108,443.1403,0
1005,SUCCESS,exec1,10,3,4.0122,447.1525,0
1642,SUCCESS,exec1,10,3,4.0138,451.1663,0
1625,SUCCESS,exec1,10,3,4.0163,455.1827,0
88,SUCCESS,exec1,10,3,4.0187,459.2013,0
910,SUCCESS,exec1,10,3,4.019,463.2203,0
1127,SUCCESS,exec1,10,3,4.0193,467.2397,0
1298,SUCCESS,exec1,10,3,4.0238,471.2635,0
300,SUCCESS,exec1,10,3,4.0265,475.29,0
1152,SUCCESS,exec1,10,3,4.027,479.317,0
1830,SUCCESS,exec1,10,3,4.0943,483.4113,0
1424,SUCCESS,exec1,10,3,4.0308,487.4422,0
740,SUCCESS,exec1,10,3,4.0327,491.4748,0
1102,SUCCESS,exec1,10,3,4.084,495.5588,0
1595,SUCCESS,exec1,10,3,4.0412,499.6,0
207,SUCCESS,exec1,10,3,4.0423,503.6423,0
173,SUCCESS,exec1,10,3,4.0427,507.685,0
902,SUCCESS,exec1,10,3,4.1467,511.8317,0
371,SUCCESS,exec1,10,3,4.0445,515.8762,0
1632,SUCCESS,exec1,10,3,4.0498,519.926,0
2004,SUCCESS,exec1,10,3,4.0557,523.9817,0
132,SUCCESS,exec1,10,3,4.0605,528.0422,0
1468,SUCCESS,exec1,10,3,4.0605,532.1027,0
1677,SUCCESS,exec1,10,3,4.0605,536.1632,0
1542,SUCCESS,exec1,10,3,4.0618,540.225,0
1450,SUCCESS,exec1,10,3,4.0627,544.2877,0
921,SUCCESS,exec1,10,3,4.0648,548.3525,0
363,SUCCESS,exec1,10,3,4.0943,552.4468,0
140,SUCCESS,exec1,10,3,4.066,556.5128,0
1167,SUCCESS,exec1,10,3,4.0713,560.5842,0
922,SUCCESS,exec1,10,3,4.0727,564.6568,0
1270,SUCCESS,exec1,10,3,4.0758,568.7327,0
1981,SUCCESS,exec1,10,3,4.0815,572.8142,0
287,SUCCESS,exec1,10,3,4.0938,576.908,0
438,SUCCESS,exec1,10,3,4.0952,581.0032,0
1456,SUCCESS,exec1,10,3,4.1,585.1032,0
175,SUCCESS,exec1,10,3,4.1048,589.208,0
37,SUCCESS,exec1,10,3,4.1107,593.3187,0
1470,SUCCESS,exec1,10,3,4.1693,597.488,0
1281,SUCCESS,exec1,10,3,4.1133,601.6013,0
1286,SUCCESS,exec1,10,3,4.116,605.7173,0
783,SUCCESS,exec1,10,3,4.118,609.8353,0
872,SUCCESS,exec1,10,3,4.1183,613.9537,0
1342,SUCCESS,exec1,10,3,4.121,618.0747,0
1810,SUCCESS,exec1,10,3,4.1817,622.2563,0
128,SUCCESS,exec1,10,3,4.1272,626.3835,0
1965,SUCCESS,exec1,10,3,4.1285,630.512,0
196,SUCCESS,exec1,10,3,4.1315,634.6435,0
769,SUCCESS,exec1,10,3,4.1313,638.7748,0
834,SUCCESS,exec1,10,3,4.1338,642.9087,0
671,SUCCESS,exec1,10,3,4.1373,647.046,0
163,SUCCESS,exec1,10,3,4.1392,651.1852,0
825,SUCCESS,exec1,10,3,4.1413,655.3265,0
1856,SUCCESS,exec1,10,3,4.1415,659.468,0
370,SUCCESS,exec1,10,3,4.1497,663.6177,0
1627,SUCCESS,exec1,10,3,4.15,667.7677,0
1379,SUCCESS,exec1,10,3,4.1507,671.9183,0
1465,SUCCESS,exec1,10,3,4.1512,676.0695,0
1053,SUCCESS,exec1,10,3,4.1532,680.2227,0
1188,SUCCESS,exec1,10,3,4.1553,684.378,0
21,SUCCESS,exec1,10,3,4.159,688.537,0
1398,SUCCESS,exec1,10,3,4.1653,692.7023,0
1786,SUCCESS,exec1,10,3,4.1943,696.8967,0
1251,SUCCESS,exec1,10,3,4.1685,701.0652,0
1573,SUCCESS,exec1,10,3,4.1687,705.2338,0
673,SUCCESS,exec1,10,3,4.1693,709.4032,0
972,SUCCESS,exec1,10,3,4.1697,713.5728,0
1917,SUCCESS,exec1,10,3,4.1697,717.7425,0
1319,SUCCESS,exec1,10,3,4.1705,721.913,0
1385,SUCCESS,exec1,10,3,4.1738,726.0868,0
169,SUCCESS,exec1,10,3,4.1772,730.264,0
1294,SUCCESS,exec1,10,3,4.178,734.442,0
11,SUCCESS,exec1,10,3,4.1792,738.6212,0
1377,SUCCESS,exec1,10,3,4.1793,742.8005,0
1535,SUCCESS,exec1,10,3,4.1805,746.981,0
1680,SUCCESS,exec1,10,3,4.1845,751.1655,0
974,SUCCESS,exec1,10,3,4.1847,755.3502,0
1159,SUCCESS,exec1,10,3,4.1872,759.5373,0
235,SUCCESS,exec1,10,3,4.19,763.7273,0
1206,SUCCESS,exec1,10,3,4.196,767.9233,0
176,SUCCESS,exec1,10,3,4.1977,772.121,0
611,SUCCESS,exec1,10,3,4.2007,776.3217,0
697,SUCCESS,exec1,10,3,4.201,780.5227,0
1361,SUCCESS,exec1,10,3,4.3007,784.8233,0
1661,SUCCESS,exec1,10,3,4.2018,789.0252,0
648,SUCCESS,exec1,10,3,4.2813,793.3065,0
762,SUCCESS,exec1,10,3,4.2075,797.514,0
298,SUCCESS,exec1,10,3,4.2082,801.7222,0
987,SUCCESS,exec1,10,3,4.2105,805.9327,0
1789,SUCCESS,exec1,10,3,4.2147,810.1473,0
485,SUCCESS,exec1,10,3,4.2175,814.3648,0
295,SUCCESS,exec1,10,3,4.2227,818.5875,0
903,SUCCESS,exec1,10,3,4.2248,822.8123,0
99,SUCCESS,exec1,10,3,4.2253,827.0377,0
111,SUCCESS,exec1,10,3,4.2283,831.266,0
458,SUCCESS,exec1,10,3,4.2282,835.4942,0
452,SUCCESS,exec1,10,3,4.2292,839.7233,0
1322,SUCCESS,exec1,10,3,4.2293,843.9527,0
1948,SUCCESS,exec1,10,3,4.2308,848.1835,0
133,SUCCESS,exec1,10,3,4.2317,852.4152,0
1148,SUCCESS,exec1,10,3,4.2362,856.6513,0
87,SUCCESS,exec1,10,3,4.243,860.8943,0
862,SUCCESS,exec1,10,3,4.2453,865.1397,0
777,SUCCESS,exec1,10,3,4.2463,869.386,0
1179,SUCCESS,exec1,10,3,4.2465,873.6325,0
1218,SUCCESS,exec1,10,3,4.247,877.8795,0
1606,SUCCESS,exec1,10,3,4.287,882.1665,0
1117,SUCCESS,exec1,10,3,4.2517,886.4182,0
1858,SUCCESS,exec1,10,3,4.2548,890.673,0
1888,SUCCESS,exec1,10,3,4.2608,894.9338,0
1028,SUCCESS,exec1,10,3,4.2618,899.1957,0
1960,SUCCESS,exec1,10,3,4.2678,903.4635,0
612,SUCCESS,exec1,10,3,4.2683,907.7318,0
1932,SUCCESS,exec1,10,3,4.272,912.0038,0
52,SUCCESS,exec1,10,3,4.2722,916.276,0
651,SUCCESS,exec1,10,3,4.273,920.549,0
1307,SUCCESS,exec1,10,3,4.2735,924.8225,0
55,SUCCESS,exec1,10,3,4.277,929.0995,0
965,SUCCESS,exec1,10,3,4.28,933.3795,0
1656,SUCCESS,exec1,10,3,4.2805,937.66,0
331,SUCCESS,exec1,10,3,4.2835,941.9435,0
437,SUCCESS,exec1,10,3,4.284,946.2275,0
820,SUCCESS,exec1,10,3,4.2885,950.516,0
1471,SUCCESS,exec1,10,3,4.2925,954.8085,0
1007,SUCCESS,exec1,10,3,4.2965,959.105,0
372,SUCCESS,exec1,10,3,4.2985,963.4035,0
1135,SUCCESS,exec1,10,3,4.302,967.7055,0
755,SUCCESS,exec1,10,3,4.303,972.0085,0
1198,SUCCESS,exec1,10,3,4.3055,976.314,0
263,SUCCESS,exec1,10,3,4.3105,980.6245,0
102,SUCCESS,exec1,10,3,4.3115,984.936,0
58,SUCCESS,exec1,10,3,4.314,989.25,0
733,SUCCESS,exec1,10,3,4.3205,993.5705,0
1528,SUCCESS,exec1,10,3,4.321,997.8915,0
293,SUCCESS,exec1,10,3,4.3225,1002.214,0
1483,SUCCESS,exec1,10,3,4.324,1006.538,0
591,SUCCESS,exec1,10,3,4.3265,1010.8645,0
502,SUCCESS,exec1,10,3,4.329,1015.1935,0
278,SUCCESS,exec1,10,3,4.3833,1019.5768,0
801,SUCCESS,exec1,10,3,4.3413,1023.9182,0
955,SUCCESS,exec1,10,3,4.333,1028.2512,0
41,SUCCESS,exec1,10,3,4.3413,1032.5925,0
574,SUCCESS,exec1,10,3,4.3447,1036.9372,0
1628,SUCCESS,exec1,10,3,4.3458,1041.283,0
558,SUCCESS,exec1,10,3,4.3507,1045.6337,0
685,SUCCESS,exec1,10,3,4.3507,1049.9843,0
1474,SUCCESS,exec1,10,3,4.3508,1054.3352,0
1223,SUCCESS,exec1,10,3,4.3518,1058.687,0
1192,SUCCESS,exec1,10,3,4.3523,1063.0393,0
241,SUCCESS,exec1,10,3,4.3535,1067.3928,0
488,SUCCESS,exec1,10,3,4.3533,1071.7462,0
1669,SUCCESS,exec1,10,3,4.3535,1076.0997,0
491,SUCCESS,exec1,10,3,4.3597,1080.4593,0
988,SUCCESS,exec1,10,3,4.3618,1084.8212,0
718,SUCCESS,exec1,10,3,4.3643,1089.1855,0
365,SUCCESS,exec1,10,3,4.3652,1093.5507,0
1664,SUCCESS,exec1,10,3,4.3663,1097.917,0
248,SUCCESS,exec1,10,3,4.367,1102.284,0
414,SUCCESS,exec1,10,3,4.3703,1106.6543,0
1618,SUCCESS,exec1,10,3,4.375,1111.0293,0
1227,SUCCESS,exec1,10,3,4.3773,1115.4067,0
2025,SUCCESS,exec1,10,3,4.379,1119.7857,0
1235,SUCCESS,exec1,10,3,4.3792,1124.1648,0
1400,SUCCESS,exec1,10,3,4.3802,1128.545,0
848,SUCCESS,exec1,10,3,4.3808,1132.9258,0
1358,SUCCESS,exec1,10,3,4.468,1137.3938,0
567,SUCCESS,exec1,10,3,4.3828,1141.7767,0
1911,SUCCESS,exec1,10,3,4.3837,1146.1603,0
228,SUCCESS,exec1,10,3,4.3867,1150.547,0
1878,SUCCESS,exec1,10,3,4.3903,1154.9373,0
1654,SUCCESS,exec1,10,3,4.394,1159.3313,0
482,SUCCESS,exec1,10,3,4.3945,1163.7258,0
23,SUCCESS,exec1,10,3,4.3947,1168.1205,0
554,SUCCESS,exec1,10,3,4.3957,1172.5162,0
933,SUCCESS,exec1,10,3,4.3965,1176.9127,0
2038,SUCCESS,exec1,10,3,4.3998,1181.3125,0
26,SUCCESS,exec1,10,3,4.4037,1185.7162,0
1701,SUCCESS,exec1,10,3,4.4065,1190.1227,0
808,SUCCESS,exec1,10,3,4.4077,1194.5303,0
1341,SUCCESS,exec1,10,3,4.4077,1198.938,0
1219,SUCCESS,exec1,10,3,4.414,1203.352,0
1111,SUCCESS,exec1,10,3,4.417,1207.769,0
782,SUCCESS,exec1,10,3,4.4238,1212.1928,0
670,SUCCESS,exec1,10,3,4.4243,1216.6172,0
1443,SUCCESS,exec1,10,3,4.4257,1221.0428,0
628,SUCCESS,exec1,10,3,4.4335,1225.4763,0
694,SUCCESS,exec1,10,3,4.4353,1229.9117,0
1496,SUCCESS,exec1,10,3,4.4387,1234.3503,0
507,SUCCESS,exec1,10,3,4.4458,1238.7962,0
1480,SUCCESS,exec1,10,3,4.4457,1243.2418,0
518,SUCCESS,exec1,10,3,4.5653,1247.8072,0
2007,SUCCESS,exec1,10,3,4.4637,1252.2708,0
1349,SUCCESS,exec1,10,3,4.4662,1256.737,0
638,SUCCESS,exec1,10,3,4.4692,1261.2062,0
209,SUCCESS,exec1,10,3,4.4712,1265.6773,0
2001,SUCCESS,exec1,10,3,4.4767,1270.154,0
513,SUCCESS,exec1,10,3,4.5423,1274.6963,0
1090,SUCCESS,exec1,10,3,4.479,1279.1753,0
94,SUCCESS,exec1,10,3,4.4848,1283.6602,0
1982,SUCCESS,exec1,10,3,4.4855,1288.1457,0
800,SUCCESS,exec1,10,3,4.487,1292.6327,0
1232,SUCCESS,exec1,10,3,4.4875,1297.1202,0
1637,SUCCESS,exec1,10,3,4.4878,1301.608,0
158,SUCCESS,exec1,10,3,4.4905,1306.0985,0
1645,SUCCESS,exec1,10,3,4.4938,1310.5923,0
1790,SUCCESS,exec1,10,3,4.4937,1315.086,0
850,SUCCESS,exec1,10,3,4.496,1319.582,0
993,SUCCESS,exec1,10,3,4.498,1324.08,0
239,SUCCESS,exec1,10,3,4.4998,1328.5798,0
710,SUCCESS,exec1,10,3,4.5023,1333.0822,0
288,SUCCESS,exec1,10,3,4.503,1337.5852,0
185,SUCCESS,exec1,10,3,4.5038,1342.089,0
2008,SUCCESS,exec1,10,3,4.536,1346.625,0
1210,SUCCESS,exec1,10,3,4.51,1351.135,0
420,SUCCESS,exec1,10,3,4.5185,1355.6535,0
1572,SUCCESS,exec1,10,3,4.5235,1360.177,0
701,SUCCESS,exec1,10,3,4.525,1364.702,0
489,SUCCESS,exec1,10,3,4.5303,1369.2323,0
528,SUCCESS,exec1,10,3,4.5308,1373.7632,0
45,SUCCESS,exec1,10,3,4.5357,1378.2988,0
1547,SUCCESS,exec1,10,3,4.5357,1382.8345,0
656,SUCCESS,exec1,10,3,4.5365,1387.371,0
1277,SUCCESS,exec1,10,3,4.5383,1391.9093,0
1666,SUCCESS,exec1,10,3,4.5482,1396.4575,0
1678,SUCCESS,exec1,10,3,4.5495,1401.007,0
476,SUCCESS,exec1,10,3,4.5557,1405.5627,0
1505,SUCCESS,exec1,10,3,4.618,1410.1807,0
892,SUCCESS,exec1,10,3,4.5642,1414.7448,0
1044,SUCCESS,exec1,10,3,4.5663,1419.3112,0
1737,SUCCESS,exec1,10,3,4.5678,1423.879,0
957,SUCCESS,exec1,10,3,4.569,1428.448,0
1916,SUCCESS,exec1,10,3,4.5697,1433.0177,0
1434,SUCCESS,exec1,10,3,4.572,1437.5897,0
2003,SUCCESS,exec1,10,3,4.5722,1442.1618,0
381,SUCCESS,exec1,10,3,4.5743,1446.7362,0
1081,SUCCESS,exec1,10,3,4.5768,1451.313,0
1381,SUCCESS,exec1,10,3,4.584,1455.897,0
1144,SUCCESS,exec1,10,3,4.5888,1460.4858,0
1104,SUCCESS,exec1,10,3,4.5928,1465.0787,0
386,SUCCESS,exec1,10,3,4.5933,1469.672,0
486,SUCCESS,exec1,10,3,4.5977,1474.2697,0
678,SUCCESS,exec1,10,3,4.599,1478.8687,0
1605,SUCCESS,exec1,10,3,4.5995,1483.4682,0
1153,SUCCESS,exec1,10,3,4.6003,1488.0685,0
479,SUCCESS,exec1,10,3,4.6008,1492.6693,0
520,SUCCESS,exec1,10,3,4.605,1497.2743,0
1397,SUCCESS,exec1,10,3,4.606,1501.8803,0
1352,SUCCESS,exec1,10,3,4.6075,1506.4878,0
913,SUCCESS,exec1,10,3,4.6082,1511.096,0
1705,SUCCESS,exec1,10,3,4.6957,1515.7917,0
13,SUCCESS,exec1,10,3,4.6117,1520.4033,0
745,SUCCESS,exec1,10,3,4.6188,1525.0222,0
465,SUCCESS,exec1,10,3,4.6215,1529.6437,0
511,SUCCESS,exec1,10,3,4.6232,1534.2668,0
472,SUCCESS,exec1,10,3,4.696,1538.9628,0
7,SUCCESS,exec1,10,3,4.637,1543.5998,0
1908,SUCCESS,exec1,10,3,4.6377,1548.2375,0
73,SUCCESS,exec1,10,3,4.6387,1552.8762,0
392,SUCCESS,exec1,10,3,4.641,1557.5172,0
731,SUCCESS,exec1,10,3,4.6418,1562.159,0
1357,SUCCESS,exec1,10,3,4.6417,1566.8007,0
766,SUCCESS,exec1,10,3,4.6495,1571.4502,0
909,SUCCESS,exec1,10,3,4.651,1576.1012,0
137,SUCCESS,exec1,10,3,4.6522,1580.7533,0
1460,SUCCESS,exec1,10,3,4.6632,1585.4165,0
767,SUCCESS,exec1,10,3,4.7427,1590.1592,0
1708,SUCCESS,exec1,10,3,4.6685,1594.8277,0
1822,SUCCESS,exec1,10,3,4.6708,1599.4985,0
863,SUCCESS,exec1,10,3,4.6712,1604.1697,0
756,SUCCESS,exec1,10,3,4.673,1608.8427,0
730,SUCCESS,exec1,10,3,4.6732,1613.5158,0
1947,SUCCESS,exec1,10,3,4.6762,1618.192,0
480,SUCCESS,exec1,10,3,4.6813,1622.8733,0
1558,SUCCESS,exec1,10,3,4.734,1627.6073,0
812,SUCCESS,exec1,10,3,4.788,1632.3953,0
1512,SUCCESS,exec1,10,3,4.789,1637.1843,0
2020,SUCCESS,exec1,10,3,4.7897,1641.974,0
34,SUCCESS,exec1,10,3,4.7897,1646.7637,0
1317,SUCCESS,exec1,10,3,4.8007,1651.5643,0
1910,SUCCESS,exec1,10,3,4.807,1656.3713,0
1847,SUCCESS,exec1,10,3,4.81,1661.1813,0
1989,SUCCESS,exec1,10,3,4.813,1665.9943,0
590,SUCCESS,exec1,10,3,4.8127,1670.807,0
342,SUCCESS,exec1,10,3,4.8167,1675.6237,0
1538,SUCCESS,exec1,10,3,4.8193,1680.443,0
592,SUCCESS,exec1,10,3,4.822,1685.265,0
1370,SUCCESS,exec1,10,3,4.8227,1690.0877,0
1563,SUCCESS,exec1,10,3,4.8233,1694.911,0
307,SUCCESS,exec1,10,3,4.8297,1699.7407,0
533,SUCCESS,exec1,10,3,4.8307,1704.5713,0
519,SUCCESS,exec1,10,3,4.8307,1709.402,0
1271,SUCCESS,exec1,10,3,4.8383,1714.2403,0
1673,SUCCESS,exec1,10,3,4.8397,1719.08,0
1427,SUCCESS,exec1,10,3,4.8413,1723.9213,0
659,SUCCESS,exec1,10,3,4.846,1728.7673,0
818,SUCCESS,exec1,10,3,4.849,1733.6163,0
1802,SUCCESS,exec1,10,3,4.854,1738.4703,0
416,SUCCESS,exec1,10,3,4.8583,1743.3287,0
2006,SUCCESS,exec1,10,3,4.8603,1748.189,0
1021,SUCCESS,exec1,10,3,4.864,1753.053,0
2016,SUCCESS,exec1,10,3,4.872,1757.925,0
1696,SUCCESS,exec1,10,3,4.8717,1762.7967,0
1126,SUCCESS,exec1,10,3,4.8743,1767.671,0
1200,SUCCESS,exec1,10,3,4.876,1772.547,0
1853,SUCCESS,exec1,10,3,4.876,1777.423,0
1663,SUCCESS,exec1,10,3,4.884,1782.307,0
1080,SUCCESS,exec1,10,3,4.895,1787.202,0
77,SUCCESS,exec1,10,3,4.8953,1792.0973,0
618,SUCCESS,exec1,10,3,4.9013,1796.9987,0
81,SUCCESS,exec1,10,3,4.9013,1801.9,0
356,SUCCESS,exec1,10,3,4.907,1806.807,0
252,SUCCESS,exec1,10,3,4.9093,1811.7163,0
687,SUCCESS,exec1,10,3,4.9093,1816.6257,0
789,SUCCESS,exec1,10,3,4.914,1821.5397,0
826,SUCCESS,exec1,10,3,4.9173,1826.457,0
303,SUCCESS,exec1,10,3,4.921,1831.378,0
1525,SUCCESS,exec1,10,3,4.8127,1836.1907,0
970,SUCCESS,exec1,10,3,4.8133,1841.004,0
122,SUCCESS,exec1,10,3,4.8148,1845.8188,0
855,SUCCESS,exec1,10,3,4.822,1850.6408,0
148,SUCCESS,exec1,10,3,4.8233,1855.4642,0
727,SUCCESS,exec1,10,3,4.8255,1860.2897,0
1070,SUCCESS,exec1,10,3,4.8273,1865.117,0
1907,SUCCESS,exec1,10,3,4.829,1869.946,0
376,SUCCESS,exec1,10,3,4.831,1874.777,0
947,SUCCESS,exec1,10,3,4.8322,1879.6092,0
417,SUCCESS,exec1,10,3,4.8342,1884.4433,0
529,SUCCESS,exec1,10,3,4.8352,1889.2785,0
641,SUCCESS,exec1,10,3,4.8355,1894.114,0
757,SUCCESS,exec1,10,3,4.837,1898.951,0
312,SUCCESS,exec1,10,3,4.8408,1903.7918,0
221,SUCCESS,exec1,10,3,4.8413,1908.6332,0
1425,SUCCESS,exec1,10,3,4.8462,1913.4793,0
1487,SUCCESS,exec1,10,3,4.8463,1918.3257,0
936,SUCCESS,exec1,10,3,4.849,1923.1747,0
1576,SUCCESS,exec1,10,3,4.8552,1928.0298,0
686,SUCCESS,exec1,10,3,4.8558,1932.8857,0
1931,SUCCESS,exec1,10,3,4.8695,1937.7552,0
749,SUCCESS,exec1,10,3,4.8765,1942.6317,0
195,SUCCESS,exec1,10,3,4.8787,1947.5103,0
859,SUCCESS,exec1,10,3,4.8793,1952.3897,0
426,SUCCESS,exec1,10,3,4.8825,1957.2722,0
1256,SUCCESS,exec1,10,3,4.8848,1962.157,0
256,SUCCESS,exec1,10,3,4.8893,1967.0463,0
639,SUCCESS,exec1,10,3,4.8915,1971.9378,0
884,SUCCESS,exec1,10,3,4.8943,1976.8322,0
561,SUCCESS,exec1,10,3,4.8975,1981.7297,0
382,SUCCESS,exec1,10,3,4.9013,1986.631,0
843,SUCCESS,exec1,10,3,4.9043,1991.5353,0
1749,SUCCESS,exec1,10,3,4.9042,1996.4395,0
1969,SUCCESS,exec1,10,3,4.9937,2001.4332,0
115,SUCCESS,exec1,10,3,4.912,2006.3452,0
1173,SUCCESS,exec1,10,3,4.9195,2011.2647,0
167,SUCCESS,exec1,10,3,4.92,2016.1847,0
1550,SUCCESS,exec1,10,3,4.974,2021.1587,0
941,SUCCESS,exec1,10,3,4.9503,2026.109,0
1086,SUCCESS,exec1,10,3,4.9288,2031.0378,0
1828,SUCCESS,exec1,10,3,4.9305,2035.9683,0
127,SUCCESS,exec1,10,3,4.9313,2040.8997,0
1814,SUCCESS,exec1,10,3,4.9342,2045.8338,0
1914,SUCCESS,exec1,10,3,4.9345,2050.7683,0
1860,SUCCESS,exec1,10,3,4.9357,2055.704,0
570,SUCCESS,exec1,10,3,4.938,2060.642,0
1392,SUCCESS,exec1,10,3,4.9382,2065.5802,0
531,SUCCESS,exec1,10,3,4.9407,2070.5208,0
840,SUCCESS,exec1,10,3,4.9407,2075.4615,0
915,SUCCESS,exec1,10,3,4.9563,2080.4178,0
1875,SUCCESS,exec1,10,3,4.9593,2085.3772,0
352,SUCCESS,exec1,10,3,4.9635,2090.3407,0
1074,SUCCESS,exec1,10,3,4.9697,2095.3103,0
1131,SUCCESS,exec1,10,3,4.977,2100.2873,0
1811,SUCCESS,exec1,10,3,4.9917,2105.279,0
149,SUCCESS,exec1,10,3,4.984,2110.263,0
1299,SUCCESS,exec1,10,3,4.9843,2115.2473,0
1393,SUCCESS,exec1,10,3,4.9927,2120.24,0
579,SUCCESS,exec1,10,3,4.9962,2125.2362,0
1529,SUCCESS,exec1,10,3,3.6947,2128.9308,0
