60,SUCCESS,exec0,10,0,2.29,2.39,0
27,SUCCESS,exec0,10,0,2.3202,4.7102,0
82,SUCCESS,exec0,10,0,2.655,7.3652,0
106,SUCCESS,exec0,10,0,2.7695,10.1347,0
86,SUCCESS,exec0,10,0,2.7712,12.9058,0
91,SUCCESS,exec0,10,0,2.9392,15.845,0
23,SUCCESS,exec0,10,0,3.0967,18.9417,0
15,SUCCESS,exec0,10,0,3.1022,22.0438,0
81,SUCCESS,exec0,10,0,3.187,25.2308,0
124,SUCCESS,exec0,10,0,3.3578,28.5887,0
105,SUCCESS,exec0,10,0,3.4808,32.0695,0
101,SUCCESS,exec0,10,0,3.5053,35.5748,0
65,SUCCESS,exec0,10,0,3.528,39.1028,0
110,SUCCESS,exec0,10,0,3.6585,42.7613,0
55,SUCCESS,exec0,10,0,3.7237,46.485,0
98,SUCCESS,exec0,10,0,3.7223,50.2073,0
36,SUCCESS,exec0,10,0,3.9362,54.1435,0
87,SUCCESS,exec0,10,0,4.2275,58.371,0
33,SUCCESS,exec0,10,0,4.488,62.859,0
14,SUCCESS,exec0,10,0,4.6907,67.5497,0
30,SUCCESS,exec0,10,0,4.7605,72.3102,0
8,SUCCESS,exec0,10,0,4.878,77.1882,0
20,SUCCESS,exec0,10,0,4.9213,82.1095,0
48,SUCCESS,exec0,10,0,4.9673,87.0768,0
100,SUCCESS,exec0,10,0,5.1325,92.2093,0
78,SUCCESS,exec0,10,0,5.6853,97.8947,0
19,SUCCESS,exec0,10,0,5.7988,103.6935,0
92,SUCCESS,exec0,10,0,5.8022,109.4957,0
80,SUCCESS,exec0,10,0,5.8258,115.3215,0
31,SUCCESS,exec0,10,0,5.9462,121.2677,0
11,SUCCESS,exec0,10,0,5.9682,127.2358,0
7,SUCCESS,exec0,10,0,6.221,133.4568,0
89,SUCCESS,exec0,10,1,3.13,3.23,0
24,SUCCESS,exec0,10,1,3.2772,6.5072,0
39,SUCCESS,exec0,10,1,3.3775,9.8847,0
0,SUCCESS,exec0,10,1,3.4172,13.3018,0
108,SUCCESS,exec0,10,1,3.5332,16.835,0
113,SUCCESS,exec0,10,1,3.7842,20.6192,0
121,SUCCESS,exec0,10,1,3.9177,24.5368,0
46,SUCCESS,exec0,10,1,3.9418,28.4787,0
17,SUCCESS,exec0,10,1,4.0068,32.4855,0
127,SUCCESS,exec0,10,1,4.0733,36.5588,0
52,SUCCESS,exec0,10,1,4.0745,40.6333,0
125,SUCCESS,exec0,10,1,4.0897,44.723,0
43,SUCCESS,exec0,10,1,4.1103,48.8333,0
120,SUCCESS,exec0,10,1,4.1122,52.9455,0
21,SUCCESS,exec0,10,1,4.2575,57.203,0
111,SUCCESS,exec0,10,1,4.276,61.479,0
61,SUCCESS,exec0,10,1,4.2987,65.7777,0
32,SUCCESS,exec0,10,1,4.3645,70.1422,0
74,SUCCESS,exec0,10,1,4.382,74.5242,0
44,SUCCESS,exec0,10,1,4.384,78.9082,0
63,SUCCESS,exec0,10,1,4.4048,83.313,0
54,SUCCESS,exec0,10,1,4.5688,87.8818,0
35,SUCCESS,exec0,10,1,4.5915,92.4733,0
77,SUCCESS,exec0,10,1,4.6053,97.0787,0
68,SUCCESS,exec0,10,1,4.6428,101.7215,0
26,SUCCESS,exec0,10,1,4.8095,106.531,0
4,SUCCESS,exec0,10,1,4.8697,111.4007,0
75,SUCCESS,exec0,10,1,4.9458,116.3465,0
18,SUCCESS,exec0,10,1,5.0312,121.3777,0
45,SUCCESS,exec0,10,1,4.9822,126.3598,0
99,SUCCESS,exec0,10,1,5.2497,131.6095,0
72,SUCCESS,exec0,10,1,5.2703,136.8798,0
53,SUCCESS,exec0,10,2,3.5167,3.6167,0
84,SUCCESS,exec0,10,2,3.5665,7.1832,0
96,SUCCESS,exec0,10,2,3.5782,10.7613,0
13,SUCCESS,exec0,10,2,3.6032,14.3645,0
57,SUCCESS,exec0,10,2,3.6652,18.0297,0
95,SUCCESS,exec0,10,2,3.6862,21.7158,0
38,SUCCESS,exec0,10,2,3.6903,25.4062,0
62,SUCCESS,exec0,10,2,3.6978,29.104,0
107,SUCCESS,exec0,10,2,3.7608,32.8648,0
76,SUCCESS,exec0,10,2,3.804,36.6688,0
37,SUCCESS,exec0,10,2,3.8035,40.4723,0
122,SUCCESS,exec0,10,2,3.8617,44.334,0
90,SUCCESS,exec0,10,2,3.9483,48.2823,0
59,SUCCESS,exec0,10,2,3.9792,52.2615,0
67,SUCCESS,exec0,10,2,4.0575,56.319,0
109,SUCCESS,exec0,10,2,4.21,60.529,0
123,SUCCESS,exec0,10,2,4.1427,64.6717,0
49,SUCCESS,exec0,10,2,4.18,68.8517,0
28,SUCCESS,exec0,10,2,4.2045,73.0562,0
22,SUCCESS,exec0,10,2,4.242,77.2982,0
115,SUCCESS,exec0,10,2,4.2373,81.5355,0
3,SUCCESS,exec0,10,2,4.2788,85.8143,0
85,SUCCESS,exec0,10,2,4.2835,90.0978,0
66,SUCCESS,exec0,10,2,4.3328,94.4307,0
114,SUCCESS,exec0,10,2,4.4253,98.856,0
10,SUCCESS,exec0,10,2,4.4515,103.3075,0
5,SUCCESS,exec0,10,2,4.6762,107.9837,0
71,SUCCESS,exec0,10,2,4.7703,112.754,0
97,SUCCESS,exec0,10,2,4.8232,117.5772,0
41,SUCCESS,exec0,10,2,4.8472,122.4243,0
2,SUCCESS,exec0,10,2,4.9262,127.3505,0
29,SUCCESS,exec0,10,2,5.0363,132.3868,0
94,SUCCESS,exec0,10,3,3.7842,3.8842,0
40,SUCCESS,exec0,10,3,3.8235,7.7077,0
88,SUCCESS,exec0,10,3,3.8262,11.5338,0
119,SUCCESS,exec0,10,3,3.8372,15.371,0
1,SUCCESS,exec0,10,3,3.9632,19.3342,0
126,SUCCESS,exec0,10,3,3.9677,23.3018,0
69,SUCCESS,exec0,10,3,3.9908,27.2927,0
112,SUCCESS,exec0,10,3,4.0688,31.3615,0
9,SUCCESS,exec0,10,3,4.0713,35.4328,0
47,SUCCESS,exec0,10,3,4.0955,39.5283,0
50,SUCCESS,exec0,10,3,4.155,43.6833,0
79,SUCCESS,exec0,10,3,4.1557,47.839,0
56,SUCCESS,exec0,10,3,4.1618,52.0008,0
58,SUCCESS,exec0,10,3,4.2082,56.209,0
70,SUCCESS,exec0,10,3,4.21,60.419,0
42,SUCCESS,exec0,10,3,4.3627,64.7817,0
117,SUCCESS,exec0,10,3,4.3085,69.0902,0
83,SUCCESS,exec0,10,3,4.313,73.4032,0
73,SUCCESS,exec0,10,3,4.459,77.8622,0
25,SUCCESS,exec0,10,3,4.5108,82.373,0
12,SUCCESS,exec0,10,3,4.5418,86.9148,0
93,SUCCESS,exec0,10,3,4.5525,91.4673,0
116,SUCCESS,exec0,10,3,4.6103,96.0777,0
103,SUCCESS,exec0,10,3,4.6368,100.7145,0
51,SUCCESS,exec0,10,3,4.6565,105.371,0
104,SUCCESS,exec0,10,3,4.7047,110.0757,0
6,SUCCESS,exec0,10,3,4.7298,114.8055,0
64,SUCCESS,exec0,10,3,4.7982,119.6037,0
16,SUCCESS,exec0,10,3,4.8702,124.4738,0
118,SUCCESS,exec0,10,3,4.8857,129.3595,0
34,SUCCESS,exec0,10,3,4.9413,134.3008,0
102,SUCCESS,exec0,10,3,4.9745,139.2753,0
101,SUCCESS,exec1,10,0,2.018,2.118,0
35,SUCCESS,exec1,10,0,2.024,4.142,0
73,SUCCESS,exec1,10,0,2.29,6.432,0
19,SUCCESS,exec1,10,0,2.3585,8.7905,0
57,SUCCESS,exec1,10,0,2.654,11.4445,0
125,SUCCESS,exec1,10,0,2.9477,14.3922,0
72,SUCCESS,exec1,10,0,2.9755,17.3677,0
4,SUCCESS,exec1,10,0,3.4338,20.8015,0
122,SUCCESS,exec1,10,0,3.4978,24.2993,0
69,SUCCESS,exec1,10,0,3.6688,27.9682,0
41,SUCCESS,exec1,10,0,3.6693,31.6375,0
117,SUCCESS,exec1,10,0,3.8403,35.4778,0
114,SUCCESS,exec1,10,0,4.2808,39.7587,0
1,SUCCESS,exec1,10,0,4.3202,44.0788,0
48,SUCCESS,exec1,10,0,4.358,48.4368,0
127,SUCCESS,exec1,10,0,4.3787,52.8155,0
92,SUCCESS,exec1,10,0,4.5583,57.3738,0
23,SUCCESS,exec1,10,0,4.6492,62.023,0
60,SUCCESS,exec1,10,0,4.671,66.694,0
96,SUCCESS,exec1,10,0,4.7733,71.4673,0
21,SUCCESS,exec1,10,0,4.9372,76.4045,0
8,SUCCESS,exec1,10,0,5.4222,81.8267,0
87,SUCCESS,exec1,10,0,5.4872,87.3138,0
54,SUCCESS,exec1,10,0,5.6373,92.9512,0
22,SUCCESS,exec1,10,0,5.7845,98.7357,0
59,SUCCESS,exec1,10,0,5.9163,104.652,0
53,SUCCESS,exec1,10,0,6.2662,110.9182,0
44,SUCCESS,exec1,10,0,6.3022,117.2203,0
77,SUCCESS,exec1,10,0,6.4298,123.6502,0
124,SUCCESS,exec1,10,0,6.4373,130.0875,0
18,SUCCESS,exec1,10,0,6.526,136.6135,0
88,SUCCESS,exec1,10,0,6.5985,143.212,0
121,SUCCESS,exec1,10,1,3.313,3.413,0
90,SUCCESS,exec1,10,1,3.329,6.742,0
14,SUCCESS,exec1,10,1,3.4205,10.1625,0
50,SUCCESS,exec1,10,1,3.423,13.5855,0
34,SUCCESS,exec1,10,1,3.4462,17.0317,0
42,SUCCESS,exec1,10,1,3.4498,20.4815,0
37,SUCCESS,exec1,10,1,3.4758,23.9573,0
74,SUCCESS,exec1,10,1,3.5073,27.4647,0
78,SUCCESS,exec1,10,1,3.5268,30.9915,0
119,SUCCESS,exec1,10,1,3.5543,34.5458,0
0,SUCCESS,exec1,10,1,3.5928,38.1387,0
106,SUCCESS,exec1,10,1,3.5922,41.7308,0
89,SUCCESS,exec1,10,1,3.63,45.3608,0
64,SUCCESS,exec1,10,1,3.757,49.1178,0
26,SUCCESS,exec1,10,1,3.8317,52.9495,0
99,SUCCESS,exec1,10,1,3.8363,56.7858,0
75,SUCCESS,exec1,10,1,4.0587,60.8445,0
17,SUCCESS,exec1,10,1,4.2475,65.092,0
7,SUCCESS,exec1,10,1,4.2673,69.3593,0
38,SUCCESS,exec1,10,1,4.2837,73.643,0
29,SUCCESS,exec1,10,1,4.3072,77.9502,0
109,SUCCESS,exec1,10,1,4.4012,82.3513,0
62,SUCCESS,exec1,10,1,4.4785,86.8298,0
111,SUCCESS,exec1,10,1,4.4958,91.3257,0
107,SUCCESS,exec1,10,1,4.5935,95.9192,0
103,SUCCESS,exec1,10,1,4.7058,100.625,0
45,SUCCESS,exec1,10,1,4.7177,105.3427,0
118,SUCCESS,exec1,10,1,4.8755,110.2182,0
6,SUCCESS,exec1,10,1,4.8825,115.1007,0
105,SUCCESS,exec1,10,1,4.8997,120.0003,0
93,SUCCESS,exec1,10,1,4.9328,124.9332,0
83,SUCCESS,exec1,10,1,5.0023,129.9355,0
36,SUCCESS,exec1,10,2,3.437,3.537,0
3,SUCCESS,exec1,10,2,3.485,7.022,0
108,SUCCESS,exec1,10,2,3.5185,10.5405,0
91,SUCCESS,exec1,10,2,3.5737,14.1142,0
58,SUCCESS,exec1,10,2,3.5868,17.701,0
5,SUCCESS,exec1,10,2,3.6878,21.3888,0
113,SUCCESS,exec1,10,2,3.7198,25.1087,0
82,SUCCESS,exec1,10,2,3.7528,28.8615,0
2,SUCCESS,exec1,10,2,3.7753,32.6368,0
71,SUCCESS,exec1,10,2,3.7918,36.4287,0
13,SUCCESS,exec1,10,2,3.9402,40.3688,0
66,SUCCESS,exec1,10,2,3.978,44.3468,0
94,SUCCESS,exec1,10,2,4.09,48.4368,0
33,SUCCESS,exec1,10,2,4.0197,52.4565,0
102,SUCCESS,exec1,10,2,4.0443,56.5008,0
28,SUCCESS,exec1,10,2,4.1697,60.6705,0
112,SUCCESS,exec1,10,2,4.1885,64.859,0
61,SUCCESS,exec1,10,2,4.2123,69.0713,0
63,SUCCESS,exec1,10,2,4.2307,73.302,0
25,SUCCESS,exec1,10,2,4.2932,77.5952,0
30,SUCCESS,exec1,10,2,4.4122,82.0073,0
46,SUCCESS,exec1,10,2,4.4815,86.4888,0
120,SUCCESS,exec1,10,2,4.6478,91.1367,0
24,SUCCESS,exec1,10,2,4.6725,95.8092,0
51,SUCCESS,exec1,10,2,4.7058,100.515,0
86,SUCCESS,exec1,10,2,4.7177,105.2327,0
123,SUCCESS,exec1,10,2,5.0955,110.3282,0
81,SUCCESS,exec1,10,2,5.0092,115.3373,0
49,SUCCESS,exec1,10,2,5.0323,120.3697,0
98,SUCCESS,exec1,10,2,5.0368,125.4065,0
65,SUCCESS,exec1,10,2,5.0645,130.471,0
47,SUCCESS,exec1,10,2,5.1065,135.5775,0
55,SUCCESS,exec1,10,3,3.888,3.988,0
70,SUCCESS,exec1,10,3,3.9145,7.9025,0
20,SUCCESS,exec1,10,3,3.945,11.8475,0
67,SUCCESS,exec1,10,3,3.9862,15.8337,0
11,SUCCESS,exec1,10,3,4.0048,19.8385,0
76,SUCCESS,exec1,10,3,4.0068,23.8453,0
116,SUCCESS,exec1,10,3,4.0128,27.8582,0
9,SUCCESS,exec1,10,3,4.0333,31.8915,0
39,SUCCESS,exec1,10,3,4.0398,35.9313,0
31,SUCCESS,exec1,10,3,4.0608,39.9922,0
115,SUCCESS,exec1,10,3,4.1967,44.1888,0
52,SUCCESS,exec1,10,3,4.138,48.3268,0
32,SUCCESS,exec1,10,3,4.2507,52.5775,0
10,SUCCESS,exec1,10,3,4.3183,56.8958,0
95,SUCCESS,exec1,10,3,4.3192,61.215,0
104,SUCCESS,exec1,10,3,4.367,65.582,0
97,SUCCESS,exec1,10,3,4.4553,70.0373,0
56,SUCCESS,exec1,10,3,4.4752,74.5125,0
15,SUCCESS,exec1,10,3,4.4842,78.9967,0
68,SUCCESS,exec1,10,3,4.5342,83.5308,0
79,SUCCESS,exec1,10,3,4.5445,88.0753,0
80,SUCCESS,exec1,10,3,4.6038,92.6792,0
27,SUCCESS,exec1,10,3,4.6105,97.2897,0
84,SUCCESS,exec1,10,3,4.6123,101.902,0
126,SUCCESS,exec1,10,3,4.6622,106.5642,0
40,SUCCESS,exec1,10,3,4.7045,111.2687,0
16,SUCCESS,exec1,10,3,4.7077,115.9763,0
43,SUCCESS,exec1,10,3,4.7198,120.6962,0
85,SUCCESS,exec1,10,3,4.8203,125.5165,0
110,SUCCESS,exec1,10,3,4.8445,130.361,0
12,SUCCESS,exec1,10,3,4.8465,135.2075,0
100,SUCCESS,exec1,10,3,4.9605,140.168,0
57,SUCCESS,exec2,10,0,2.038,2.138,0
90,SUCCESS,exec2,10,0,2.251,4.389,0
41,SUCCESS,exec2,10,0,2.3147,6.7037,0
76,SUCCESS,exec2,10,0,2.3535,9.0572,0
21,SUCCESS,exec2,10,0,2.6455,11.7027,0
14,SUCCESS,exec2,10,0,2.6853,14.388,0
80,SUCCESS,exec2,10,0,3.0097,17.3977,0
43,SUCCESS,exec2,10,0,3.366,20.7637,0
40,SUCCESS,exec2,10,0,3.352,24.1157,0
125,SUCCESS,exec2,10,0,3.4147,27.5303,0
53,SUCCESS,exec2,10,0,3.6023,31.1327,0
108,SUCCESS,exec2,10,0,3.7515,34.8842,0
89,SUCCESS,exec2,10,0,3.759,38.6432,0
12,SUCCESS,exec2,10,0,3.7607,42.4038,0
16,SUCCESS,exec2,10,0,3.7947,46.1985,0
33,SUCCESS,exec2,10,0,3.9057,50.1042,0
67,SUCCESS,exec2,10,0,3.9207,54.0248,0
97,SUCCESS,exec2,10,0,4.0135,58.0383,0
4,SUCCESS,exec2,10,0,4.0402,62.0785,0
95,SUCCESS,exec2,10,0,4.1485,66.227,0
92,SUCCESS,exec2,10,0,4.3533,70.5803,0
102,SUCCESS,exec2,10,0,4.4938,75.0742,0
115,SUCCESS,exec2,10,0,4.5142,79.5883,0
27,SUCCESS,exec2,10,0,4.5298,84.1182,0
70,SUCCESS,exec2,10,0,4.591,88.7092,0
34,SUCCESS,exec2,10,0,4.6795,93.3887,0
77,SUCCESS,exec2,10,0,4.6807,98.0693,0
38,SUCCESS,exec2,10,0,4.8797,102.949,0
20,SUCCESS,exec2,10,0,4.9553,107.9043,0
94,SUCCESS,exec2,10,0,5.0677,112.972,0
124,SUCCESS,exec2,10,0,5.0792,118.0512,0
36,SUCCESS,exec2,10,0,5.1452,123.1963,0
72,SUCCESS,exec2,10,1,2.628,2.728,0
74,SUCCESS,exec2,10,1,2.721,5.449,0
48,SUCCESS,exec2,10,1,2.7642,8.2132,0
88,SUCCESS,exec2,10,1,2.8055,11.0187,0
45,SUCCESS,exec2,10,1,2.8733,13.892,0
2,SUCCESS,exec2,10,1,2.9727,16.8647,0
79,SUCCESS,exec2,10,1,3.013,19.8777,0
42,SUCCESS,exec2,10,1,3.076,22.9537,0
50,SUCCESS,exec2,10,1,3.204,26.1577,0
29,SUCCESS,exec2,10,1,3.2097,29.3673,0
81,SUCCESS,exec2,10,1,3.2168,32.5842,0
47,SUCCESS,exec2,10,1,3.293,35.8772,0
127,SUCCESS,exec2,10,1,3.346,39.2232,0
13,SUCCESS,exec2,10,1,3.4667,42.6898,0
10,SUCCESS,exec2,10,1,3.6187,46.3085,0
22,SUCCESS,exec2,10,1,3.6857,49.9942,0
69,SUCCESS,exec2,10,1,3.7667,53.7608,0
1,SUCCESS,exec2,10,1,3.7895,57.5503,0
100,SUCCESS,exec2,10,1,3.8682,61.4185,0
5,SUCCESS,exec2,10,1,3.9545,65.373,0
73,SUCCESS,exec2,10,1,3.9613,69.3343,0
39,SUCCESS,exec2,10,1,3.9798,73.3142,0
86,SUCCESS,exec2,10,1,4.0262,77.3403,0
104,SUCCESS,exec2,10,1,4.0758,81.4162,0
15,SUCCESS,exec2,10,1,4.095,85.5112,0
98,SUCCESS,exec2,10,1,4.2235,89.7347,0
112,SUCCESS,exec2,10,1,4.326,94.0607,0
99,SUCCESS,exec2,10,1,4.3487,98.4093,0
120,SUCCESS,exec2,10,1,4.4017,102.811,0
52,SUCCESS,exec2,10,1,4.7233,107.5343,0
24,SUCCESS,exec2,10,1,4.7462,112.2805,0
18,SUCCESS,exec2,10,1,4.8332,117.1137,0
119,SUCCESS,exec2,10,2,3.2273,3.3273,0
28,SUCCESS,exec2,10,2,3.2663,6.5937,0
87,SUCCESS,exec2,10,2,3.3375,9.9312,0
85,SUCCESS,exec2,10,2,3.3428,13.274,0
51,SUCCESS,exec2,10,2,3.3947,16.6687,0
26,SUCCESS,exec2,10,2,3.439,20.1077,0
9,SUCCESS,exec2,10,2,3.446,23.5537,0
23,SUCCESS,exec2,10,2,3.5747,27.1283,0
31,SUCCESS,exec2,10,2,3.6123,30.7407,0
19,SUCCESS,exec2,10,2,3.6695,34.4102,0
62,SUCCESS,exec2,10,2,3.689,38.0992,0
25,SUCCESS,exec2,10,2,3.8107,41.9098,0
101,SUCCESS,exec2,10,2,3.8387,45.7485,0
103,SUCCESS,exec2,10,2,3.8607,49.6092,0
75,SUCCESS,exec2,10,2,3.8837,53.4928,0
96,SUCCESS,exec2,10,2,3.9025,57.3953,0
59,SUCCESS,exec2,10,2,3.9132,61.3085,0
114,SUCCESS,exec2,10,2,3.9545,65.263,0
105,SUCCESS,exec2,10,2,3.9613,69.2243,0
37,SUCCESS,exec2,10,2,3.9798,73.2042,0
113,SUCCESS,exec2,10,2,3.9842,77.1883,0
83,SUCCESS,exec2,10,2,3.9878,81.1762,0
11,SUCCESS,exec2,10,2,4.018,85.1942,0
46,SUCCESS,exec2,10,2,4.029,89.2232,0
56,SUCCESS,exec2,10,2,4.2755,93.4987,0
8,SUCCESS,exec2,10,2,4.2547,97.7533,0
123,SUCCESS,exec2,10,2,4.2707,102.024,0
82,SUCCESS,exec2,10,2,4.2913,106.3153,0
35,SUCCESS,exec2,10,2,4.3172,110.6325,0
0,SUCCESS,exec2,10,2,4.3762,115.0087,0
60,SUCCESS,exec2,10,2,4.3912,119.3998,0
63,SUCCESS,exec2,10,2,4.4365,123.8363,0
68,SUCCESS,exec2,10,3,3.335,3.435,0
3,SUCCESS,exec2,10,3,3.4092,6.8442,0
55,SUCCESS,exec2,10,3,3.4135,10.2577,0
122,SUCCESS,exec2,10,3,3.4403,13.698,0
54,SUCCESS,exec2,10,3,3.4677,17.1657,0
65,SUCCESS,exec2,10,3,3.488,20.6537,0
66,SUCCESS,exec2,10,3,3.572,24.2257,0
32,SUCCESS,exec2,10,3,3.5557,27.7813,0
84,SUCCESS,exec2,10,3,3.5638,31.3452,0
64,SUCCESS,exec2,10,3,3.649,34.9942,0
116,SUCCESS,exec2,10,3,3.759,38.7532,0
91,SUCCESS,exec2,10,3,3.7607,42.5138,0
126,SUCCESS,exec2,10,3,3.9047,46.4185,0
111,SUCCESS,exec2,10,3,3.9437,50.3622,0
93,SUCCESS,exec2,10,3,4.0352,54.3973,0
107,SUCCESS,exec2,10,3,4.0665,58.4638,0
78,SUCCESS,exec2,10,3,4.2552,62.719,0
49,SUCCESS,exec2,10,3,4.286,67.005,0
61,SUCCESS,exec2,10,3,4.3698,71.3748,0
7,SUCCESS,exec2,10,3,4.4588,75.8337,0
106,SUCCESS,exec2,10,3,4.4772,80.3108,0
117,SUCCESS,exec2,10,3,4.5273,84.8382,0
58,SUCCESS,exec2,10,3,4.5345,89.3727,0
30,SUCCESS,exec2,10,3,4.578,93.9507,0
71,SUCCESS,exec2,10,3,4.6687,98.6193,0
118,SUCCESS,exec2,10,3,4.6827,103.302,0
121,SUCCESS,exec2,10,3,4.7158,108.0178,0
44,SUCCESS,exec2,10,3,4.7222,112.74,0
17,SUCCESS,exec2,10,3,4.7712,117.5112,0
110,SUCCESS,exec2,10,3,4.7912,122.3023,0
109,SUCCESS,exec2,10,3,4.917,127.2193,0
6,SUCCESS,exec2,10,3,4.967,132.1863,0
58,SUCCESS,exec3,10,0,2.21,2.31,0
14,SUCCESS,exec3,10,0,2.395,4.705,0
74,SUCCESS,exec3,10,0,2.6637,7.3687,0
78,SUCCESS,exec3,10,0,2.8025,10.1712,0
19,SUCCESS,exec3,10,0,2.8952,13.0663,0
54,SUCCESS,exec3,10,0,2.9402,16.0065,0
6,SUCCESS,exec3,10,0,3.2937,19.3002,0
0,SUCCESS,exec3,10,0,3.4887,22.7888,0
94,SUCCESS,exec3,10,0,3.6362,26.425,0
21,SUCCESS,exec3,10,0,3.8623,30.2873,0
107,SUCCESS,exec3,10,0,3.942,34.2293,0
126,SUCCESS,exec3,10,0,3.9443,38.1737,0
50,SUCCESS,exec3,10,0,3.957,42.1307,0
93,SUCCESS,exec3,10,0,4.0952,46.2258,0
123,SUCCESS,exec3,10,0,4.1025,50.3283,0
59,SUCCESS,exec3,10,0,4.3723,54.7007,0
5,SUCCESS,exec3,10,0,4.434,59.1347,0
88,SUCCESS,exec3,10,0,4.5053,63.64,0
69,SUCCESS,exec3,10,0,4.665,68.305,0
17,SUCCESS,exec3,10,0,4.679,72.984,0
80,SUCCESS,exec3,10,0,4.7113,77.6953,0
55,SUCCESS,exec3,10,0,5.069,82.7643,0
38,SUCCESS,exec3,10,0,5.0393,87.8037,0
45,SUCCESS,exec3,10,0,5.1108,92.9145,0
51,SUCCESS,exec3,10,0,5.2465,98.161,0
111,SUCCESS,exec3,10,0,5.3077,103.4687,0
43,SUCCESS,exec3,10,0,5.3318,108.8005,0
65,SUCCESS,exec3,10,0,5.4438,114.2443,0
124,SUCCESS,exec3,10,0,5.5142,119.7585,0
104,SUCCESS,exec3,10,0,5.9872,125.7457,0
56,SUCCESS,exec3,10,0,6.1245,131.8702,0
67,SUCCESS,exec3,10,0,6.1582,138.0283,0
103,SUCCESS,exec3,10,1,3.218,3.318,0
68,SUCCESS,exec3,10,1,3.278,6.596,0
121,SUCCESS,exec3,10,1,3.2772,9.8732,0
15,SUCCESS,exec3,10,1,3.3762,13.2493,0
109,SUCCESS,exec3,10,1,3.3762,16.6255,0
92,SUCCESS,exec3,10,1,3.4107,20.0362,0
72,SUCCESS,exec3,10,1,3.6142,23.6503,0
117,SUCCESS,exec3,10,1,3.6537,27.304,0
24,SUCCESS,exec3,10,1,3.7253,31.0293,0
73,SUCCESS,exec3,10,1,3.798,34.8273,0
127,SUCCESS,exec3,10,1,3.8593,38.6867,0
2,SUCCESS,exec3,10,1,3.899,42.5857,0
112,SUCCESS,exec3,10,1,4.0052,46.5908,0
71,SUCCESS,exec3,10,1,4.0485,50.6393,0
3,SUCCESS,exec3,10,1,4.2203,54.8597,0
119,SUCCESS,exec3,10,1,4.385,59.2447,0
85,SUCCESS,exec3,10,1,4.5053,63.75,0
113,SUCCESS,exec3,10,1,4.445,68.195,0
87,SUCCESS,exec3,10,1,4.487,72.682,0
39,SUCCESS,exec3,10,1,4.508,77.19,0
53,SUCCESS,exec3,10,1,4.6133,81.8033,0
23,SUCCESS,exec3,10,1,4.7203,86.5237,0
33,SUCCESS,exec3,10,1,4.7523,91.276,0
83,SUCCESS,exec3,10,1,4.901,96.177,0
22,SUCCESS,exec3,10,1,4.8737,101.0507,0
34,SUCCESS,exec3,10,1,4.9318,105.9825,0
118,SUCCESS,exec3,10,1,4.9605,110.943,0
79,SUCCESS,exec3,10,1,5.0013,115.9443,0
84,SUCCESS,exec3,10,1,5.0162,120.9605,0
105,SUCCESS,exec3,10,1,5.0572,126.0177,0
81,SUCCESS,exec3,10,1,5.0745,131.0922,0
91,SUCCESS,exec3,10,1,5.1202,136.2123,0
20,SUCCESS,exec3,10,2,3.418,3.518,0
125,SUCCESS,exec3,10,2,3.4647,6.9827,0
44,SUCCESS,exec3,10,2,3.5092,10.4918,0
76,SUCCESS,exec3,10,2,3.5302,14.022,0
115,SUCCESS,exec3,10,2,3.5562,17.5782,0
13,SUCCESS,exec3,10,2,3.5627,21.1408,0
116,SUCCESS,exec3,10,2,3.6902,24.831,0
77,SUCCESS,exec3,10,2,3.7843,28.6153,0
10,SUCCESS,exec3,10,2,3.79,32.4053,0
61,SUCCESS,exec3,10,2,3.8623,36.2677,0
95,SUCCESS,exec3,10,2,3.917,40.1847,0
62,SUCCESS,exec3,10,2,3.9392,44.1238,0
64,SUCCESS,exec3,10,2,3.9765,48.1003,0
28,SUCCESS,exec3,10,2,4.0723,52.1727,0
8,SUCCESS,exec3,10,2,4.075,56.2477,0
108,SUCCESS,exec3,10,2,4.1423,60.39,0
97,SUCCESS,exec3,10,2,4.2,64.59,0
75,SUCCESS,exec3,10,2,4.217,68.807,0
89,SUCCESS,exec3,10,2,4.287,73.094,0
36,SUCCESS,exec3,10,2,4.2953,77.3893,0
100,SUCCESS,exec3,10,2,4.304,81.6933,0
25,SUCCESS,exec3,10,2,4.3623,86.0557,0
11,SUCCESS,exec3,10,2,4.3713,90.427,0
9,SUCCESS,exec3,10,2,4.4615,94.8885,0
42,SUCCESS,exec3,10,2,4.6352,99.5237,0
90,SUCCESS,exec3,10,2,4.6603,104.184,0
46,SUCCESS,exec3,10,2,4.7265,108.9105,0
37,SUCCESS,exec3,10,2,4.7158,113.6263,0
110,SUCCESS,exec3,10,2,4.7907,118.417,0
86,SUCCESS,exec3,10,2,4.8562,123.2732,0
26,SUCCESS,exec3,10,2,4.8665,128.1397,0
7,SUCCESS,exec3,10,2,4.9032,133.0428,0
70,SUCCESS,exec3,10,3,3.687,3.787,0
41,SUCCESS,exec3,10,3,3.7492,7.5362,0
16,SUCCESS,exec3,10,3,3.9502,11.4863,0
35,SUCCESS,exec3,10,3,3.9542,15.4405,0
30,SUCCESS,exec3,10,3,3.9697,19.4102,0
122,SUCCESS,exec3,10,3,3.9942,23.4043,0
29,SUCCESS,exec3,10,3,4.0097,27.414,0
60,SUCCESS,exec3,10,3,4.0813,31.4953,0
40,SUCCESS,exec3,10,3,4.107,35.6023,0
49,SUCCESS,exec3,10,3,4.1103,39.7127,0
120,SUCCESS,exec3,10,3,4.1285,43.8412,0
82,SUCCESS,exec3,10,3,4.1352,47.9763,0
106,SUCCESS,exec3,10,3,4.3063,52.2827,0
18,SUCCESS,exec3,10,3,4.278,56.5607,0
12,SUCCESS,exec3,10,3,4.2793,60.84,0
1,SUCCESS,exec3,10,3,4.283,65.123,0
102,SUCCESS,exec3,10,3,4.377,69.5,0
98,SUCCESS,exec3,10,3,4.379,73.879,0
52,SUCCESS,exec3,10,3,4.3863,78.2653,0
63,SUCCESS,exec3,10,3,4.389,82.6543,0
27,SUCCESS,exec3,10,3,4.4513,87.1057,0
99,SUCCESS,exec3,10,3,4.4628,91.5685,0
66,SUCCESS,exec3,10,3,4.4985,96.067,0
47,SUCCESS,exec3,10,3,4.5897,100.6567,0
96,SUCCESS,exec3,10,3,4.6298,105.2865,0
114,SUCCESS,exec3,10,3,4.6725,109.959,0
57,SUCCESS,exec3,10,3,4.7113,114.6703,0
101,SUCCESS,exec3,10,3,4.7322,119.4025,0
32,SUCCESS,exec3,10,3,4.7892,124.1917,0
4,SUCCESS,exec3,10,3,4.8375,129.0292,0
48,SUCCESS,exec3,10,3,4.8582,133.8873,0
31,SUCCESS,exec3,10,3,4.8625,138.7498,0
22,SUCCESS,exec4,10,0,2.032,2.132,0
61,SUCCESS,exec4,10,0,2.2268,4.3588,0
119,SUCCESS,exec4,10,0,2.552,6.9108,0
71,SUCCESS,exec4,10,0,2.482,9.3928,0
127,SUCCESS,exec4,10,0,2.487,11.8798,0
67,SUCCESS,exec4,10,0,2.537,14.4168,0
44,SUCCESS,exec4,10,0,2.628,17.0448,0
41,SUCCESS,exec4,10,0,2.787,19.8318,0
108,SUCCESS,exec4,10,0,2.921,22.7528,0
95,SUCCESS,exec4,10,0,2.9245,25.6773,0
79,SUCCESS,exec4,10,0,3.036,28.7133,0
30,SUCCESS,exec4,10,0,3.0517,31.765,0
20,SUCCESS,exec4,10,0,3.315,35.08,0
45,SUCCESS,exec4,10,0,3.3242,38.4042,0
112,SUCCESS,exec4,10,0,3.4578,41.862,0
36,SUCCESS,exec4,10,0,3.391,45.253,0
14,SUCCESS,exec4,10,0,3.4527,48.7057,0
59,SUCCESS,exec4,10,0,3.5065,52.2122,0
105,SUCCESS,exec4,10,0,3.5403,55.7525,0
92,SUCCESS,exec4,10,0,3.5628,59.3153,0
70,SUCCESS,exec4,10,0,3.5755,62.8908,0
21,SUCCESS,exec4,10,0,3.6732,66.564,0
126,SUCCESS,exec4,10,0,3.817,70.381,0
66,SUCCESS,exec4,10,0,4.0758,74.4568,0
46,SUCCESS,exec4,10,0,4.3093,78.7662,0
50,SUCCESS,exec4,10,0,4.3807,83.1468,0
75,SUCCESS,exec4,10,0,4.5668,87.7137,0
123,SUCCESS,exec4,10,0,4.5665,92.2802,0
10,SUCCESS,exec4,10,0,4.7025,96.9827,0
40,SUCCESS,exec4,10,0,4.9398,101.9225,0
107,SUCCESS,exec4,10,0,4.9987,106.9212,0
57,SUCCESS,exec4,10,0,5.1263,112.0475,0
35,SUCCESS,exec4,10,1,2.608,2.708,0
98,SUCCESS,exec4,10,1,2.6438,5.3518,0
8,SUCCESS,exec4,10,1,2.649,8.0008,0
88,SUCCESS,exec4,10,1,2.659,10.6598,0
96,SUCCESS,exec4,10,1,2.662,13.3218,0
118,SUCCESS,exec4,10,1,2.721,16.0428,0
24,SUCCESS,exec4,10,1,2.813,18.8558,0
82,SUCCESS,exec4,10,1,2.977,21.8328,0
55,SUCCESS,exec4,10,1,3.0885,24.9213,0
103,SUCCESS,exec4,10,1,3.14,28.0613,0
72,SUCCESS,exec4,10,1,3.1697,31.231,0
7,SUCCESS,exec4,10,1,3.197,34.428,0
86,SUCCESS,exec4,10,1,3.2297,37.6577,0
15,SUCCESS,exec4,10,1,3.2628,40.9205,0
115,SUCCESS,exec4,10,1,3.2805,44.201,0
51,SUCCESS,exec4,10,1,3.2987,47.4997,0
97,SUCCESS,exec4,10,1,3.4125,50.9122,0
53,SUCCESS,exec4,10,1,3.4623,54.3745,0
93,SUCCESS,exec4,10,1,3.4948,57.8693,0
4,SUCCESS,exec4,10,1,3.5515,61.4208,0
27,SUCCESS,exec4,10,1,3.5565,64.9773,0
29,SUCCESS,exec4,10,1,3.6377,68.615,0
16,SUCCESS,exec4,10,1,3.8425,72.4575,0
89,SUCCESS,exec4,10,1,3.8433,76.3008,0
3,SUCCESS,exec4,10,1,3.9313,80.2322,0
62,SUCCESS,exec4,10,1,4.0302,84.2623,0
100,SUCCESS,exec4,10,1,4.2453,88.5077,0
17,SUCCESS,exec4,10,1,4.2775,92.7852,0
74,SUCCESS,exec4,10,1,4.3175,97.1027,0
94,SUCCESS,exec4,10,1,4.3218,101.4245,0
47,SUCCESS,exec4,10,1,4.4547,105.8792,0
78,SUCCESS,exec4,10,1,4.6603,110.5395,0
12,SUCCESS,exec4,10,2,3.1653,3.2653,0
90,SUCCESS,exec4,10,2,3.1705,6.4358,0
0,SUCCESS,exec4,10,2,3.193,9.6288,0
85,SUCCESS,exec4,10,2,3.209,12.8378,0
73,SUCCESS,exec4,10,2,3.315,16.1528,0
63,SUCCESS,exec4,10,2,3.237,19.3898,0
23,SUCCESS,exec4,10,2,3.239,22.6288,0
125,SUCCESS,exec4,10,2,3.3285,25.9573,0
104,SUCCESS,exec4,10,2,3.3547,29.312,0
60,SUCCESS,exec4,10,2,3.409,32.721,0
116,SUCCESS,exec4,10,2,3.4357,36.1567,0
48,SUCCESS,exec4,10,2,3.4928,39.6495,0
34,SUCCESS,exec4,10,2,3.4965,43.146,0
106,SUCCESS,exec4,10,2,3.4967,46.6427,0
80,SUCCESS,exec4,10,2,3.5965,50.2392,0
114,SUCCESS,exec4,10,2,3.6063,53.8455,0
6,SUCCESS,exec4,10,2,3.7218,57.5673,0
83,SUCCESS,exec4,10,2,3.7435,61.3108,0
38,SUCCESS,exec4,10,2,3.8772,65.188,0
42,SUCCESS,exec4,10,2,3.921,69.109,0
87,SUCCESS,exec4,10,2,3.9998,73.1088,0
99,SUCCESS,exec4,10,2,4.2013,77.3102,0
28,SUCCESS,exec4,10,2,4.2407,81.5508,0
111,SUCCESS,exec4,10,2,4.2648,85.8157,0
9,SUCCESS,exec4,10,2,4.298,90.1137,0
13,SUCCESS,exec4,10,2,4.3315,94.4452,0
69,SUCCESS,exec4,10,2,4.3408,98.786,0
109,SUCCESS,exec4,10,2,4.3492,103.1352,0
68,SUCCESS,exec4,10,2,4.3853,107.5205,0
1,SUCCESS,exec4,10,2,4.417,111.9375,0
19,SUCCESS,exec4,10,2,4.4382,116.3757,0
25,SUCCESS,exec4,10,2,4.4553,120.831,0
39,SUCCESS,exec4,10,3,3.3448,3.4448,0
32,SUCCESS,exec4,10,3,3.356,6.8008,0
101,SUCCESS,exec4,10,3,3.367,10.1678,0
18,SUCCESS,exec4,10,3,3.377,13.5448,0
11,SUCCESS,exec4,10,3,3.39,16.9348,0
65,SUCCESS,exec4,10,3,3.399,20.3338,0
81,SUCCESS,exec4,10,3,3.4705,23.8043,0
102,SUCCESS,exec4,10,3,3.568,27.3723,0
56,SUCCESS,exec4,10,3,3.5737,30.946,0
117,SUCCESS,exec4,10,3,3.592,34.538,0
5,SUCCESS,exec4,10,3,3.6002,38.1382,0
31,SUCCESS,exec4,10,3,3.6138,41.752,0
58,SUCCESS,exec4,10,3,3.616,45.368,0
33,SUCCESS,exec4,10,3,3.6432,49.0112,0
124,SUCCESS,exec4,10,3,3.651,52.6622,0
91,SUCCESS,exec4,10,3,3.6538,56.316,0
121,SUCCESS,exec4,10,3,3.7208,60.0368,0
113,SUCCESS,exec4,10,3,3.8355,63.8723,0
2,SUCCESS,exec4,10,3,3.8457,67.718,0
26,SUCCESS,exec4,10,3,3.8935,71.6115,0
110,SUCCESS,exec4,10,3,3.9593,75.5708,0
122,SUCCESS,exec4,10,3,3.9613,79.5322,0
77,SUCCESS,exec4,10,3,3.9832,83.5153,0
52,SUCCESS,exec4,10,3,4.0883,87.6037,0
120,SUCCESS,exec4,10,3,4.2865,91.8902,0
64,SUCCESS,exec4,10,3,4.4405,96.3307,0
49,SUCCESS,exec4,10,3,4.5478,100.8785,0
84,SUCCESS,exec4,10,3,4.5797,105.4582,0
43,SUCCESS,exec4,10,3,4.5823,110.0405,0
54,SUCCESS,exec4,10,3,4.6725,114.713,0
76,SUCCESS,exec4,10,3,4.7027,119.4157,0
37,SUCCESS,exec4,10,3,4.8138,124.2295,0
0,SUCCESS,exec5,10,0,2.112,2.212,0
17,SUCCESS,exec5,10,0,2.1127,4.3247,0
15,SUCCESS,exec5,10,0,2.152,6.4767,0
75,SUCCESS,exec5,10,0,2.1982,8.6748,0
109,SUCCESS,exec5,10,0,2.2513,10.9262,0
115,SUCCESS,exec5,10,0,2.297,13.2232,0
123,SUCCESS,exec5,10,0,2.3233,15.5465,0
119,SUCCESS,exec5,10,0,2.7127,18.2592,0
64,SUCCESS,exec5,10,0,2.7035,20.9627,0
61,SUCCESS,exec5,10,0,3.0507,24.0133,0
88,SUCCESS,exec5,10,0,3.085,27.0983,0
72,SUCCESS,exec5,10,0,3.104,30.2023,0
27,SUCCESS,exec5,10,0,3.2325,33.4348,0
62,SUCCESS,exec5,10,0,3.269,36.7038,0
11,SUCCESS,exec5,10,0,3.46,40.1638,0
78,SUCCESS,exec5,10,0,3.5312,43.695,0
106,SUCCESS,exec5,10,0,3.5822,47.2772,0
97,SUCCESS,exec5,10,0,3.9062,51.1833,0
10,SUCCESS,exec5,10,0,4.017,55.2003,0
99,SUCCESS,exec5,10,0,4.032,59.2323,0
3,SUCCESS,exec5,10,0,4.1653,63.3977,0
90,SUCCESS,exec5,10,0,4.2355,67.6332,0
32,SUCCESS,exec5,10,0,4.311,71.9442,0
80,SUCCESS,exec5,10,0,4.315,76.2592,0
46,SUCCESS,exec5,10,0,4.334,80.5932,0
40,SUCCESS,exec5,10,0,4.5253,85.1185,0
120,SUCCESS,exec5,10,0,4.5473,89.6658,0
9,SUCCESS,exec5,10,0,4.551,94.2168,0
4,SUCCESS,exec5,10,0,5.3482,99.565,0
79,SUCCESS,exec5,10,0,5.4182,104.9832,0
18,SUCCESS,exec5,10,0,5.4225,110.4057,0
20,SUCCESS,exec5,10,0,5.424,115.8297,0
73,SUCCESS,exec5,10,1,2.724,2.824,0
94,SUCCESS,exec5,10,1,2.8307,5.6547,0
52,SUCCESS,exec5,10,1,3.1302,8.7848,0
25,SUCCESS,exec5,10,1,3.0983,11.8832,0
71,SUCCESS,exec5,10,1,3.1033,14.9865,0
86,SUCCESS,exec5,10,1,3.1627,18.1492,0
126,SUCCESS,exec5,10,1,3.2335,21.3827,0
36,SUCCESS,exec5,10,1,3.2497,24.6323,0
113,SUCCESS,exec5,10,1,3.27,27.9023,0
13,SUCCESS,exec5,10,1,3.657,31.5593,0
37,SUCCESS,exec5,10,1,3.8325,35.3918,0
107,SUCCESS,exec5,10,1,3.986,39.3778,0
82,SUCCESS,exec5,10,1,4.0912,43.469,0
104,SUCCESS,exec5,10,1,4.1432,47.6122,0
29,SUCCESS,exec5,10,1,4.1592,51.7713,0
112,SUCCESS,exec5,10,1,4.177,55.9483,0
21,SUCCESS,exec5,10,1,4.268,60.2163,0
28,SUCCESS,exec5,10,1,4.2703,64.4867,0
57,SUCCESS,exec5,10,1,4.3405,68.8272,0
102,SUCCESS,exec5,10,1,4.456,73.2832,0
55,SUCCESS,exec5,10,1,4.482,77.7652,0
93,SUCCESS,exec5,10,1,4.5233,82.2885,0
70,SUCCESS,exec5,10,1,4.7133,87.0018,0
44,SUCCESS,exec5,10,1,4.729,91.7308,0
87,SUCCESS,exec5,10,1,4.841,96.5718,0
105,SUCCESS,exec5,10,1,4.9052,101.477,0
125,SUCCESS,exec5,10,1,4.9442,106.4212,0
39,SUCCESS,exec5,10,1,5.0435,111.4647,0
45,SUCCESS,exec5,10,1,5.071,116.5357,0
16,SUCCESS,exec5,10,1,5.079,121.6147,0
85,SUCCESS,exec5,10,1,5.2453,126.86,0
19,SUCCESS,exec5,10,1,5.3068,132.1668,0
42,SUCCESS,exec5,10,2,3.5387,3.6387,0
101,SUCCESS,exec5,10,2,3.5707,7.2093,0
60,SUCCESS,exec5,10,2,3.5988,10.8082,0
92,SUCCESS,exec5,10,2,3.6003,14.4085,0
124,SUCCESS,exec5,10,2,3.6307,18.0392,0
2,SUCCESS,exec5,10,2,3.6782,21.7173,0
43,SUCCESS,exec5,10,2,3.703,25.4203,0
7,SUCCESS,exec5,10,2,3.728,29.1483,0
127,SUCCESS,exec5,10,2,3.7485,32.8968,0
108,SUCCESS,exec5,10,2,3.917,36.8138,0
41,SUCCESS,exec5,10,2,3.8747,40.6885,0
95,SUCCESS,exec5,10,2,3.8872,44.5757,0
69,SUCCESS,exec5,10,2,3.9112,48.4868,0
118,SUCCESS,exec5,10,2,3.9425,52.4293,0
22,SUCCESS,exec5,10,2,3.947,56.3763,0
81,SUCCESS,exec5,10,2,3.9993,60.3757,0
1,SUCCESS,exec5,10,2,4.221,64.5967,0
100,SUCCESS,exec5,10,2,4.1205,68.7172,0
59,SUCCESS,exec5,10,2,4.131,72.8482,0
114,SUCCESS,exec5,10,2,4.243,77.0912,0
91,SUCCESS,exec5,10,2,4.3183,81.4095,0
8,SUCCESS,exec5,10,2,4.3313,85.7408,0
89,SUCCESS,exec5,10,2,4.452,90.1928,0
5,SUCCESS,exec5,10,2,4.356,94.5488,0
24,SUCCESS,exec5,10,2,4.4717,99.0205,0
96,SUCCESS,exec5,10,2,4.4872,103.5077,0
67,SUCCESS,exec5,10,2,4.5755,108.0832,0
116,SUCCESS,exec5,10,2,4.6635,112.7467,0
47,SUCCESS,exec5,10,2,4.703,117.4497,0
14,SUCCESS,exec5,10,2,5.0403,122.49,0
49,SUCCESS,exec5,10,2,5.0953,127.5853,0
50,SUCCESS,exec5,10,2,5.2208,132.8062,0
63,SUCCESS,exec5,10,3,3.9207,4.0207,0
30,SUCCESS,exec5,10,3,3.9482,7.9688,0
122,SUCCESS,exec5,10,3,4.0243,11.9932,0
66,SUCCESS,exec5,10,3,4.0253,16.0185,0
68,SUCCESS,exec5,10,3,4.0402,20.0587,0
31,SUCCESS,exec5,10,3,4.1337,24.1923,0
121,SUCCESS,exec5,10,3,4.158,28.3503,0
12,SUCCESS,exec5,10,3,4.1965,32.5468,0
117,SUCCESS,exec5,10,3,4.267,36.8138,0
51,SUCCESS,exec5,10,3,4.2042,41.018,0
83,SUCCESS,exec5,10,3,4.2712,45.2892,0
111,SUCCESS,exec5,10,3,4.3302,49.6193,0
26,SUCCESS,exec5,10,3,4.363,53.9823,0
84,SUCCESS,exec5,10,3,4.43,58.4123,0
110,SUCCESS,exec5,10,3,4.4353,62.8477,0
6,SUCCESS,exec5,10,3,4.4795,67.3272,0
54,SUCCESS,exec5,10,3,4.507,71.8342,0
103,SUCCESS,exec5,10,3,4.535,76.3692,0
53,SUCCESS,exec5,10,3,4.545,80.9142,0
38,SUCCESS,exec5,10,3,4.5693,85.4835,0
33,SUCCESS,exec5,10,3,4.5993,90.0828,0
35,SUCCESS,exec5,10,3,4.608,94.6908,0
56,SUCCESS,exec5,10,3,4.6502,99.341,0
58,SUCCESS,exec5,10,3,4.6962,104.0372,0
48,SUCCESS,exec5,10,3,4.7085,108.7457,0
98,SUCCESS,exec5,10,3,4.762,113.5077,0
74,SUCCESS,exec5,10,3,4.791,118.2987,0
76,SUCCESS,exec5,10,3,4.8593,123.158,0
65,SUCCESS,exec5,10,3,4.9038,128.0618,0
34,SUCCESS,exec5,10,3,4.9648,133.0267,0
77,SUCCESS,exec5,10,3,4.9865,138.0132,0
23,SUCCESS,exec5,10,3,4.9875,143.0007,0
117,SUCCESS,exec6,10,0,2.25,2.35,0
94,SUCCESS,exec6,10,0,2.6707,5.0207,0
86,SUCCESS,exec6,10,0,2.7992,7.8198,0
96,SUCCESS,exec6,10,0,2.808,10.6278,0
111,SUCCESS,exec6,10,0,2.8517,13.4795,0
54,SUCCESS,exec6,10,0,2.9698,16.4493,0
112,SUCCESS,exec6,10,0,2.9957,19.445,0
39,SUCCESS,exec6,10,0,2.9315,22.3765,0
124,SUCCESS,exec6,10,0,2.9598,25.3363,0
126,SUCCESS,exec6,10,0,3.154,28.4903,0
48,SUCCESS,exec6,10,0,3.2548,31.7452,0
99,SUCCESS,exec6,10,0,3.3287,35.0738,0
19,SUCCESS,exec6,10,0,3.375,38.4488,0
45,SUCCESS,exec6,10,0,3.473,41.9218,0
46,SUCCESS,exec6,10,0,3.5718,45.4937,0
7,SUCCESS,exec6,10,0,3.656,49.1497,0
25,SUCCESS,exec6,10,0,3.6673,52.817,0
51,SUCCESS,exec6,10,0,3.9153,56.7323,0
47,SUCCESS,exec6,10,0,4.0582,60.7905,0
121,SUCCESS,exec6,10,0,4.1065,64.897,0
73,SUCCESS,exec6,10,0,4.3588,69.2558,0
27,SUCCESS,exec6,10,0,4.4662,73.722,0
32,SUCCESS,exec6,10,0,4.5983,78.3203,0
40,SUCCESS,exec6,10,0,4.752,83.0723,0
118,SUCCESS,exec6,10,0,4.8023,87.8747,0
93,SUCCESS,exec6,10,0,5.2712,93.1458,0
91,SUCCESS,exec6,10,0,5.4063,98.5522,0
108,SUCCESS,exec6,10,0,5.3817,103.9338,0
12,SUCCESS,exec6,10,0,5.385,109.3188,0
77,SUCCESS,exec6,10,0,5.4023,114.7212,0
20,SUCCESS,exec6,10,0,5.416,120.1372,0
113,SUCCESS,exec6,10,0,5.465,125.6022,0
38,SUCCESS,exec6,10,1,2.798,2.898,0
114,SUCCESS,exec6,10,1,2.8337,5.7317,0
28,SUCCESS,exec6,10,1,2.8602,8.5918,0
119,SUCCESS,exec6,10,1,2.884,11.4758,0
82,SUCCESS,exec6,10,1,2.9377,14.4135,0
57,SUCCESS,exec6,10,1,2.9608,17.3743,0
79,SUCCESS,exec6,10,1,2.9602,20.3345,0
120,SUCCESS,exec6,10,1,3.0858,23.4203,0
33,SUCCESS,exec6,10,1,3.075,26.4953,0
1,SUCCESS,exec6,10,1,3.2153,29.7107,0
59,SUCCESS,exec6,10,1,3.5192,33.2298,0
5,SUCCESS,exec6,10,1,3.769,36.9988,0
21,SUCCESS,exec6,10,1,3.861,40.8598,0
11,SUCCESS,exec6,10,1,3.8978,44.7577,0
13,SUCCESS,exec6,10,1,3.924,48.6817,0
125,SUCCESS,exec6,10,1,3.9533,52.635,0
36,SUCCESS,exec6,10,1,3.9593,56.5943,0
30,SUCCESS,exec6,10,1,3.9682,60.5625,0
105,SUCCESS,exec6,10,1,4.0125,64.575,0
89,SUCCESS,exec6,10,1,4.0755,68.6505,0
80,SUCCESS,exec6,10,1,4.1435,72.794,0
22,SUCCESS,exec6,10,1,4.1983,76.9923,0
61,SUCCESS,exec6,10,1,4.222,81.2143,0
16,SUCCESS,exec6,10,1,4.2383,85.4527,0
116,SUCCESS,exec6,10,1,4.2985,89.7512,0
95,SUCCESS,exec6,10,1,4.3317,94.0828,0
3,SUCCESS,exec6,10,1,4.3593,98.4422,0
55,SUCCESS,exec6,10,1,4.3807,102.8228,0
52,SUCCESS,exec6,10,1,4.4267,107.2495,0
97,SUCCESS,exec6,10,1,4.4373,111.6868,0
100,SUCCESS,exec6,10,1,4.4453,116.1322,0
102,SUCCESS,exec6,10,1,4.525,120.6572,0
41,SUCCESS,exec6,10,2,3.1407,3.2407,0
50,SUCCESS,exec6,10,2,3.1497,6.3903,0
29,SUCCESS,exec6,10,2,3.1875,9.5778,0
123,SUCCESS,exec6,10,2,3.2007,12.7785,0
49,SUCCESS,exec6,10,2,3.2663,16.0448,0
127,SUCCESS,exec6,10,2,3.2902,19.335,0
0,SUCCESS,exec6,10,2,3.3108,22.6458,0
24,SUCCESS,exec6,10,2,3.3125,25.9583,0
106,SUCCESS,exec6,10,2,3.4013,29.3597,0
63,SUCCESS,exec6,10,2,3.4062,32.7658,0
34,SUCCESS,exec6,10,2,3.478,36.2438,0
60,SUCCESS,exec6,10,2,3.493,39.7368,0
76,SUCCESS,exec6,10,2,3.5088,43.2457,0
64,SUCCESS,exec6,10,2,3.544,46.7897,0
81,SUCCESS,exec6,10,2,3.5273,50.317,0
4,SUCCESS,exec6,10,2,3.6113,53.9283,0
65,SUCCESS,exec6,10,2,3.6627,57.591,0
56,SUCCESS,exec6,10,2,3.6695,61.2605,0
90,SUCCESS,exec6,10,2,3.7465,65.007,0
6,SUCCESS,exec6,10,2,3.8108,68.8178,0
107,SUCCESS,exec6,10,2,3.8202,72.638,0
98,SUCCESS,exec6,10,2,3.8873,76.5253,0
115,SUCCESS,exec6,10,2,3.979,80.5043,0
69,SUCCESS,exec6,10,2,4.0173,84.5217,0
70,SUCCESS,exec6,10,2,4.025,88.5467,0
109,SUCCESS,exec6,10,2,4.0472,92.5938,0
66,SUCCESS,exec6,10,2,4.0523,96.6462,0
17,SUCCESS,exec6,10,2,4.0767,100.7228,0
15,SUCCESS,exec6,10,2,4.0997,104.8225,0
67,SUCCESS,exec6,10,2,4.1023,108.9248,0
2,SUCCESS,exec6,10,2,4.2123,113.1372,0
14,SUCCESS,exec6,10,2,4.249,117.3862,0
58,SUCCESS,exec6,10,3,3.2507,3.3507,0
43,SUCCESS,exec6,10,3,3.2052,6.5558,0
26,SUCCESS,exec6,10,3,3.222,9.7778,0
88,SUCCESS,exec6,10,3,3.2797,13.0575,0
42,SUCCESS,exec6,10,3,3.2818,16.3393,0
37,SUCCESS,exec6,10,3,3.4532,19.7925,0
101,SUCCESS,exec6,10,3,3.5178,23.3103,0
9,SUCCESS,exec6,10,3,3.544,26.8543,0
85,SUCCESS,exec6,10,3,3.7728,30.6272,0
10,SUCCESS,exec6,10,3,3.8167,34.4438,0
75,SUCCESS,exec6,10,3,4.115,38.5588,0
92,SUCCESS,exec6,10,3,4.0555,42.6143,0
8,SUCCESS,exec6,10,3,4.0653,46.6797,0
62,SUCCESS,exec6,10,3,4.1363,50.816,0
68,SUCCESS,exec6,10,3,4.1533,54.9693,0
35,SUCCESS,exec6,10,3,4.1832,59.1525,0
72,SUCCESS,exec6,10,3,4.2345,63.387,0
84,SUCCESS,exec6,10,3,4.2565,67.6435,0
110,SUCCESS,exec6,10,3,4.3498,71.9933,0
87,SUCCESS,exec6,10,3,4.3747,76.368,0
23,SUCCESS,exec6,10,3,4.4093,80.7773,0
103,SUCCESS,exec6,10,3,4.4183,85.1957,0
44,SUCCESS,exec6,10,3,4.4455,89.6412,0
31,SUCCESS,exec6,10,3,4.5517,94.1928,0
104,SUCCESS,exec6,10,3,4.5553,98.7482,0
83,SUCCESS,exec6,10,3,4.5897,103.3378,0
78,SUCCESS,exec6,10,3,4.7237,108.0615,0
71,SUCCESS,exec6,10,3,4.7403,112.8018,0
53,SUCCESS,exec6,10,3,4.8393,117.6412,0
18,SUCCESS,exec6,10,3,4.873,122.5142,0
74,SUCCESS,exec6,10,3,4.8815,127.3957,0
122,SUCCESS,exec6,10,3,4.9445,132.3402,0
54,SUCCESS,exec7,10,0,2.372,2.472,0
126,SUCCESS,exec7,10,0,2.552,5.024,0
70,SUCCESS,exec7,10,0,2.8027,7.8267,0
96,SUCCESS,exec7,10,0,3.068,10.8947,0
7,SUCCESS,exec7,10,0,3.0848,13.9795,0
101,SUCCESS,exec7,10,0,3.1325,17.112,0
50,SUCCESS,exec7,10,0,3.216,20.328,0
9,SUCCESS,exec7,10,0,3.4005,23.7285,0
26,SUCCESS,exec7,10,0,3.73,27.4585,0
120,SUCCESS,exec7,10,0,3.806,31.2645,0
41,SUCCESS,exec7,10,0,4.1095,35.374,0
10,SUCCESS,exec7,10,0,4.4152,39.7892,0
12,SUCCESS,exec7,10,0,4.475,44.2642,0
11,SUCCESS,exec7,10,0,4.733,48.9972,0
45,SUCCESS,exec7,10,0,4.9502,53.9473,0
95,SUCCESS,exec7,10,0,4.9673,58.9147,0
28,SUCCESS,exec7,10,0,5.1287,64.0433,0
30,SUCCESS,exec7,10,0,5.23,69.2733,0
124,SUCCESS,exec7,10,0,5.334,74.6073,0
119,SUCCESS,exec7,10,0,5.7077,80.315,0
117,SUCCESS,exec7,10,0,5.8883,86.2033,0
36,SUCCESS,exec7,10,0,6.113,92.3163,0
17,SUCCESS,exec7,10,0,6.1982,98.5145,0
60,SUCCESS,exec7,10,0,6.377,104.8915,0
78,SUCCESS,exec7,10,0,6.3145,111.206,0
39,SUCCESS,exec7,10,0,6.3568,117.5628,0
112,SUCCESS,exec7,10,0,6.4748,124.0377,0
111,SUCCESS,exec7,10,0,6.6447,130.6823,0
127,SUCCESS,exec7,10,0,6.8117,137.494,0
100,SUCCESS,exec7,10,0,6.834,144.328,0
94,SUCCESS,exec7,10,0,6.872,151.2,0
13,SUCCESS,exec7,10,0,7.128,158.328,0
20,SUCCESS,exec7,10,1,3.744,3.844,0
103,SUCCESS,exec7,10,1,3.738,7.582,0
97,SUCCESS,exec7,10,1,3.7642,11.3462,0
16,SUCCESS,exec7,10,1,3.8678,15.214,0
58,SUCCESS,exec7,10,1,3.874,19.088,0
123,SUCCESS,exec7,10,1,3.9225,23.0105,0
114,SUCCESS,exec7,10,1,3.926,26.9365,0
8,SUCCESS,exec7,10,1,3.956,30.8925,0
64,SUCCESS,exec7,10,1,4.2235,35.116,0
84,SUCCESS,exec7,10,1,4.2032,39.3192,0
48,SUCCESS,exec7,10,1,4.205,43.5242,0
80,SUCCESS,exec7,10,1,4.239,47.7632,0
27,SUCCESS,exec7,10,1,4.3842,52.1473,0
25,SUCCESS,exec7,10,1,4.3993,56.5467,0
93,SUCCESS,exec7,10,1,4.4447,60.9913,0
24,SUCCESS,exec7,10,1,4.624,65.6153,0
122,SUCCESS,exec7,10,1,4.716,70.3313,0
42,SUCCESS,exec7,10,1,4.771,75.1023,0
107,SUCCESS,exec7,10,1,4.8127,79.915,0
125,SUCCESS,exec7,10,1,4.859,84.774,0
76,SUCCESS,exec7,10,1,4.9283,89.7023,0
73,SUCCESS,exec7,10,1,4.9407,94.643,0
88,SUCCESS,exec7,10,1,4.9725,99.6155,0
71,SUCCESS,exec7,10,1,5.056,104.6715,0
85,SUCCESS,exec7,10,1,5.0725,109.744,0
113,SUCCESS,exec7,10,1,5.1155,114.8595,0
106,SUCCESS,exec7,10,1,5.1308,119.9903,0
90,SUCCESS,exec7,10,1,5.2363,125.2267,0
37,SUCCESS,exec7,10,1,5.2777,130.5043,0
15,SUCCESS,exec7,10,1,5.2857,135.79,0
74,SUCCESS,exec7,10,1,5.358,141.148,0
115,SUCCESS,exec7,10,1,5.502,146.65,0
23,SUCCESS,exec7,10,2,3.854,3.954,0
105,SUCCESS,exec7,10,2,3.7627,7.7167,0
79,SUCCESS,exec7,10,2,3.7748,11.4915,0
81,SUCCESS,exec7,10,2,3.8325,15.324,0
59,SUCCESS,exec7,10,2,3.874,19.198,0
44,SUCCESS,exec7,10,2,3.9225,23.1205,0
66,SUCCESS,exec7,10,2,3.926,27.0465,0
29,SUCCESS,exec7,10,2,3.956,31.0025,0
32,SUCCESS,exec7,10,2,4.0035,35.006,0
4,SUCCESS,exec7,10,2,4.0182,39.0242,0
57,SUCCESS,exec7,10,2,4.02,43.0442,0
89,SUCCESS,exec7,10,2,4.046,47.0902,0
38,SUCCESS,exec7,10,2,4.0752,51.1653,0
82,SUCCESS,exec7,10,2,4.0903,55.2557,0
22,SUCCESS,exec7,10,2,4.0937,59.3493,0
21,SUCCESS,exec7,10,2,4.146,63.4953,0
104,SUCCESS,exec7,10,2,4.208,67.7033,0
86,SUCCESS,exec7,10,2,4.26,71.9633,0
63,SUCCESS,exec7,10,2,4.2777,76.241,0
55,SUCCESS,exec7,10,2,4.372,80.613,0
34,SUCCESS,exec7,10,2,4.4003,85.0133,0
49,SUCCESS,exec7,10,2,4.418,89.4313,0
3,SUCCESS,exec7,10,2,4.4717,93.903,0
108,SUCCESS,exec7,10,2,4.5015,98.4045,0
92,SUCCESS,exec7,10,2,4.558,102.9625,0
69,SUCCESS,exec7,10,2,4.585,107.5475,0
31,SUCCESS,exec7,10,2,4.6925,112.24,0
51,SUCCESS,exec7,10,2,4.7208,116.9608,0
62,SUCCESS,exec7,10,2,4.7488,121.7097,0
72,SUCCESS,exec7,10,2,4.7597,126.4693,0
102,SUCCESS,exec7,10,2,4.7697,131.239,0
19,SUCCESS,exec7,10,2,4.835,136.074,0
46,SUCCESS,exec7,10,3,3.634,3.734,0
52,SUCCESS,exec7,10,3,3.638,7.372,0
0,SUCCESS,exec7,10,3,3.6762,11.0482,0
18,SUCCESS,exec7,10,3,3.7438,14.792,0
56,SUCCESS,exec7,10,3,3.808,18.6,0
87,SUCCESS,exec7,10,3,3.8415,22.4415,0
40,SUCCESS,exec7,10,3,3.863,26.3045,0
53,SUCCESS,exec7,10,3,3.901,30.2055,0
121,SUCCESS,exec7,10,3,3.9405,34.146,0
5,SUCCESS,exec7,10,3,3.9435,38.0895,0
1,SUCCESS,exec7,10,3,4.1447,42.2342,0
14,SUCCESS,exec7,10,3,4.146,46.3802,0
110,SUCCESS,exec7,10,3,4.1705,50.5507,0
2,SUCCESS,exec7,10,3,4.1917,54.7423,0
68,SUCCESS,exec7,10,3,4.2823,59.0247,0
118,SUCCESS,exec7,10,3,4.2727,63.2973,0
67,SUCCESS,exec7,10,3,4.28,67.5773,0
116,SUCCESS,exec7,10,3,4.496,72.0733,0
91,SUCCESS,exec7,10,3,4.4747,76.548,0
35,SUCCESS,exec7,10,3,4.622,81.17,0
61,SUCCESS,exec7,10,3,4.6633,85.8333,0
109,SUCCESS,exec7,10,3,4.711,90.5443,0
43,SUCCESS,exec7,10,3,4.7222,95.2665,0
33,SUCCESS,exec7,10,3,4.734,100.0005,0
98,SUCCESS,exec7,10,3,4.781,104.7815,0
65,SUCCESS,exec7,10,3,4.8525,109.634,0
75,SUCCESS,exec7,10,3,4.8965,114.5305,0
6,SUCCESS,exec7,10,3,4.9088,119.4393,0
47,SUCCESS,exec7,10,3,4.9243,124.3637,0
77,SUCCESS,exec7,10,3,4.9457,129.3093,0
99,SUCCESS,exec7,10,3,4.9467,134.256,0
83,SUCCESS,exec7,10,3,4.981,139.237,0
41,SUCCESS,exec8,10,0,2.232,2.332,0
73,SUCCESS,exec8,10,0,2.323,4.655,0
5,SUCCESS,exec8,10,0,2.68,7.335,0
79,SUCCESS,exec8,10,0,2.7932,10.1282,0
69,SUCCESS,exec8,10,0,2.8738,13.002,0
65,SUCCESS,exec8,10,0,3.0778,16.0798,0
116,SUCCESS,exec8,10,0,3.1925,19.2723,0
3,SUCCESS,exec8,10,0,3.5173,22.7897,0
66,SUCCESS,exec8,10,0,3.4955,26.2852,0
54,SUCCESS,exec8,10,0,3.598,29.8832,0
21,SUCCESS,exec8,10,0,3.776,33.6592,0
71,SUCCESS,exec8,10,0,3.9237,37.5828,0
11,SUCCESS,exec8,10,0,3.9673,41.5502,0
62,SUCCESS,exec8,10,0,4.0022,45.5523,0
101,SUCCESS,exec8,10,0,4.0275,49.5798,0
48,SUCCESS,exec8,10,0,4.2853,53.8652,0
115,SUCCESS,exec8,10,0,4.8648,58.73,0
122,SUCCESS,exec8,10,0,4.8868,63.6168,0
42,SUCCESS,exec8,10,0,5.2538,68.8707,0
120,SUCCESS,exec8,10,0,5.3855,74.2562,0
27,SUCCESS,exec8,10,0,5.4603,79.7165,0
57,SUCCESS,exec8,10,0,5.4672,85.1837,0
33,SUCCESS,exec8,10,0,5.732,90.9157,0
44,SUCCESS,exec8,10,0,5.9612,96.8768,0
31,SUCCESS,exec8,10,0,6.0103,102.8872,0
29,SUCCESS,exec8,10,0,6.0448,108.932,0
60,SUCCESS,exec8,10,0,6.0772,115.0092,0
78,SUCCESS,exec8,10,0,6.1322,121.1413,0
90,SUCCESS,exec8,10,0,6.146,127.2873,0
108,SUCCESS,exec8,10,0,6.2532,133.5405,0
107,SUCCESS,exec8,10,0,6.4347,139.9752,0
40,SUCCESS,exec8,10,0,6.5603,146.5355,0
50,SUCCESS,exec8,10,1,3.49,3.59,0
98,SUCCESS,exec8,10,1,3.635,7.225,0
8,SUCCESS,exec8,10,1,3.7252,10.9502,0
18,SUCCESS,exec8,10,1,3.7918,14.742,0
34,SUCCESS,exec8,10,1,3.9018,18.6438,0
0,SUCCESS,exec8,10,1,4.0358,22.6797,0
114,SUCCESS,exec8,10,1,4.0405,26.7202,0
68,SUCCESS,exec8,10,1,4.267,30.9872,0
96,SUCCESS,exec8,10,1,4.379,35.3662,0
1,SUCCESS,exec8,10,1,4.3827,39.7488,0
126,SUCCESS,exec8,10,1,4.4008,44.1497,0
23,SUCCESS,exec8,10,1,4.4102,48.5598,0
36,SUCCESS,exec8,10,1,4.4313,52.9912,0
95,SUCCESS,exec8,10,1,4.4628,57.454,0
58,SUCCESS,exec8,10,1,4.464,61.918,0
104,SUCCESS,exec8,10,1,4.4638,66.3818,0
123,SUCCESS,exec8,10,1,4.4648,70.8467,0
39,SUCCESS,exec8,10,1,4.4835,75.3302,0
77,SUCCESS,exec8,10,1,4.5133,79.8435,0
47,SUCCESS,exec8,10,1,4.5647,84.4082,0
81,SUCCESS,exec8,10,1,4.6188,89.027,0
113,SUCCESS,exec8,10,1,4.6207,93.6477,0
30,SUCCESS,exec8,10,1,4.7642,98.4118,0
37,SUCCESS,exec8,10,1,4.8663,103.2782,0
74,SUCCESS,exec8,10,1,4.9658,108.244,0
26,SUCCESS,exec8,10,1,4.9978,113.2418,0
84,SUCCESS,exec8,10,1,5.0128,118.2547,0
46,SUCCESS,exec8,10,1,5.1062,123.3608,0
75,SUCCESS,exec8,10,1,5.1415,128.5023,0
45,SUCCESS,exec8,10,1,5.2582,133.7605,0
63,SUCCESS,exec8,10,1,5.5187,139.2792,0
53,SUCCESS,exec8,10,1,5.5523,144.8315,0
56,SUCCESS,exec8,10,2,3.859,3.959,0
6,SUCCESS,exec8,10,2,3.8572,7.8162,0
117,SUCCESS,exec8,10,2,3.9418,11.758,0
19,SUCCESS,exec8,10,2,3.9998,15.7578,0
52,SUCCESS,exec8,10,2,4.0738,19.8317,0
112,SUCCESS,exec8,10,2,4.0895,23.9212,0
124,SUCCESS,exec8,10,2,4.124,28.0452,0
111,SUCCESS,exec8,10,2,4.198,32.2432,0
14,SUCCESS,exec8,10,2,4.3517,36.5948,0
125,SUCCESS,exec8,10,2,4.3833,40.9782,0
67,SUCCESS,exec8,10,2,4.3862,45.3643,0
76,SUCCESS,exec8,10,2,4.3968,49.7612,0
91,SUCCESS,exec8,10,2,4.4273,54.1885,0
20,SUCCESS,exec8,10,2,4.4315,58.62,0
22,SUCCESS,exec8,10,2,4.4793,63.0993,0
9,SUCCESS,exec8,10,2,4.4898,67.5892,0
105,SUCCESS,exec8,10,2,4.513,72.1022,0
64,SUCCESS,exec8,10,2,4.5363,76.6385,0
38,SUCCESS,exec8,10,2,4.5677,81.2062,0
24,SUCCESS,exec8,10,2,4.6408,85.847,0
2,SUCCESS,exec8,10,2,4.6707,90.5177,0
103,SUCCESS,exec8,10,2,4.6812,95.1988,0
55,SUCCESS,exec8,10,2,4.7183,99.9172,0
59,SUCCESS,exec8,10,2,4.7183,104.6355,0
35,SUCCESS,exec8,10,2,4.7598,109.3953,0
89,SUCCESS,exec8,10,2,4.7818,114.1772,0
28,SUCCESS,exec8,10,2,4.8402,119.0173,0
51,SUCCESS,exec8,10,2,4.8555,123.8728,0
10,SUCCESS,exec8,10,2,4.8702,128.743,0
12,SUCCESS,exec8,10,2,4.9075,133.6505,0
100,SUCCESS,exec8,10,2,4.9807,138.6312,0
109,SUCCESS,exec8,10,2,4.9833,143.6145,0
110,SUCCESS,exec8,10,3,3.749,3.849,0
43,SUCCESS,exec8,10,3,3.7665,7.6155,0
72,SUCCESS,exec8,10,3,3.7912,11.4067,0
25,SUCCESS,exec8,10,3,3.8618,15.2685,0
32,SUCCESS,exec8,10,3,3.8838,19.1523,0
15,SUCCESS,exec8,10,3,3.8888,23.0412,0
102,SUCCESS,exec8,10,3,3.894,26.9352,0
99,SUCCESS,exec8,10,3,3.942,30.8772,0
70,SUCCESS,exec8,10,3,3.954,34.8312,0
106,SUCCESS,exec8,10,3,4.0027,38.8338,0
97,SUCCESS,exec8,10,3,4.0438,42.8777,0
7,SUCCESS,exec8,10,3,4.0952,46.9728,0
94,SUCCESS,exec8,10,3,4.1073,51.0802,0
4,SUCCESS,exec8,10,3,4.1218,55.202,0
82,SUCCESS,exec8,10,3,4.14,59.342,0
16,SUCCESS,exec8,10,3,4.1648,63.5068,0
80,SUCCESS,exec8,10,3,4.2038,67.7107,0
88,SUCCESS,exec8,10,3,4.2495,71.9602,0
86,SUCCESS,exec8,10,3,4.257,76.2172,0
119,SUCCESS,exec8,10,3,4.2943,80.5115,0
87,SUCCESS,exec8,10,3,4.3462,84.8577,0
85,SUCCESS,exec8,10,3,4.4133,89.271,0
118,SUCCESS,exec8,10,3,4.4912,93.7622,0
83,SUCCESS,exec8,10,3,4.5397,98.3018,0
92,SUCCESS,exec8,10,3,4.6953,102.9972,0
17,SUCCESS,exec8,10,3,4.6878,107.685,0
13,SUCCESS,exec8,10,3,4.6998,112.3848,0
93,SUCCESS,exec8,10,3,4.7678,117.1527,0
49,SUCCESS,exec8,10,3,4.8452,121.9978,0
61,SUCCESS,exec8,10,3,4.9055,126.9033,0
121,SUCCESS,exec8,10,3,4.9572,131.8605,0
127,SUCCESS,exec8,10,3,4.96,136.8205,0
119,SUCCESS,exec9,10,0,2.358,2.458,0
15,SUCCESS,exec9,10,0,2.425,4.883,0
4,SUCCESS,exec9,10,0,2.652,7.535,0
34,SUCCESS,exec9,10,0,2.66,10.195,0
93,SUCCESS,exec9,10,0,2.7167,12.9117,0
116,SUCCESS,exec9,10,0,2.9507,15.8623,0
113,SUCCESS,exec9,10,0,3.256,19.1183,0
71,SUCCESS,exec9,10,0,3.335,22.4533,0
47,SUCCESS,exec9,10,0,3.4788,25.9322,0
101,SUCCESS,exec9,10,0,3.5063,29.4385,0
19,SUCCESS,exec9,10,0,3.5367,32.9752,0
62,SUCCESS,exec9,10,0,3.7083,36.6835,0
94,SUCCESS,exec9,10,0,4.575,41.2585,0
58,SUCCESS,exec9,10,0,4.8213,46.0798,0
73,SUCCESS,exec9,10,0,5.0553,51.1352,0
69,SUCCESS,exec9,10,0,5.254,56.3892,0
1,SUCCESS,exec9,10,0,5.4807,61.8698,0
48,SUCCESS,exec9,10,0,5.4337,67.3035,0
79,SUCCESS,exec9,10,0,6.0785,73.382,0
74,SUCCESS,exec9,10,0,6.1987,79.5807,0
111,SUCCESS,exec9,10,0,6.212,85.7927,0
27,SUCCESS,exec9,10,0,6.2392,92.0318,0
66,SUCCESS,exec9,10,0,6.3502,98.382,0
31,SUCCESS,exec9,10,0,6.4062,104.7882,0
37,SUCCESS,exec9,10,0,6.753,111.5412,0
72,SUCCESS,exec9,10,0,6.8652,118.4063,0
115,SUCCESS,exec9,10,0,6.9302,125.3365,0
23,SUCCESS,exec9,10,0,6.9433,132.2798,0
106,SUCCESS,exec9,10,0,7.0807,139.3605,0
81,SUCCESS,exec9,10,0,7.4728,146.8333,0
121,SUCCESS,exec9,10,0,7.54,154.3733,0
33,SUCCESS,exec9,10,0,7.556,161.9293,0
54,SUCCESS,exec9,10,1,3.869,3.969,0
97,SUCCESS,exec9,10,1,3.874,7.843,0
122,SUCCESS,exec9,10,1,3.8767,11.7197,0
20,SUCCESS,exec9,10,1,3.9187,15.6383,0
18,SUCCESS,exec9,10,1,3.998,19.6363,0
51,SUCCESS,exec9,10,1,4.0503,23.6867,0
7,SUCCESS,exec9,10,1,4.0868,27.7735,0
65,SUCCESS,exec9,10,1,4.1197,31.8932,0
95,SUCCESS,exec9,10,1,4.1253,36.0185,0
77,SUCCESS,exec9,10,1,4.137,40.1555,0
11,SUCCESS,exec9,10,1,4.1783,44.3338,0
16,SUCCESS,exec9,10,1,4.2573,48.5912,0
99,SUCCESS,exec9,10,1,4.276,52.8672,0
55,SUCCESS,exec9,10,1,4.3093,57.1765,0
110,SUCCESS,exec9,10,1,4.5833,61.7598,0
125,SUCCESS,exec9,10,1,4.4917,66.2515,0
59,SUCCESS,exec9,10,1,4.5085,70.76,0
61,SUCCESS,exec9,10,1,4.5127,75.2727,0
40,SUCCESS,exec9,10,1,4.546,79.8187,0
10,SUCCESS,exec9,10,1,4.624,84.4427,0
36,SUCCESS,exec9,10,1,4.7632,89.2058,0
56,SUCCESS,exec9,10,1,4.8052,94.011,0
29,SUCCESS,exec9,10,1,4.874,98.885,0
86,SUCCESS,exec9,10,1,4.8892,103.7742,0
92,SUCCESS,exec9,10,1,4.897,108.6712,0
60,SUCCESS,exec9,10,1,4.9323,113.6035,0
45,SUCCESS,exec9,10,1,4.9518,118.5553,0
22,SUCCESS,exec9,10,1,5.0612,123.6165,0
5,SUCCESS,exec9,10,1,5.1728,128.7893,0
67,SUCCESS,exec9,10,1,5.5252,134.3145,0
57,SUCCESS,exec9,10,1,5.539,139.8535,0
114,SUCCESS,exec9,10,1,5.6218,145.4753,0
90,SUCCESS,exec9,10,2,3.752,3.852,0
107,SUCCESS,exec9,10,2,3.793,7.645,0
85,SUCCESS,exec9,10,2,3.8747,11.5197,0
41,SUCCESS,exec9,10,2,3.9907,15.5103,0
78,SUCCESS,exec9,10,2,4.016,19.5263,0
17,SUCCESS,exec9,10,2,4.0463,23.5727,0
108,SUCCESS,exec9,10,2,4.0908,27.6635,0
84,SUCCESS,exec9,10,2,4.1197,31.7832,0
98,SUCCESS,exec9,10,2,4.1253,35.9085,0
75,SUCCESS,exec9,10,2,4.137,40.0455,0
8,SUCCESS,exec9,10,2,4.1783,44.2238,0
88,SUCCESS,exec9,10,2,4.2573,48.4812,0
123,SUCCESS,exec9,10,2,4.276,52.7572,0
50,SUCCESS,exec9,10,2,4.3093,57.0665,0
102,SUCCESS,exec9,10,2,4.4733,61.5398,0
49,SUCCESS,exec9,10,2,4.4847,66.0245,0
103,SUCCESS,exec9,10,2,4.6015,70.626,0
124,SUCCESS,exec9,10,2,4.5067,75.1327,0
21,SUCCESS,exec9,10,2,4.558,79.6907,0
68,SUCCESS,exec9,10,2,4.53,84.2207,0
6,SUCCESS,exec9,10,2,4.6912,88.9118,0
28,SUCCESS,exec9,10,2,4.7242,93.636,0
127,SUCCESS,exec9,10,2,4.856,98.492,0
126,SUCCESS,exec9,10,2,4.8112,103.3032,0
32,SUCCESS,exec9,10,2,4.876,108.1792,0
3,SUCCESS,exec9,10,2,4.9043,113.0835,0
117,SUCCESS,exec9,10,2,4.9088,117.9923,0
83,SUCCESS,exec9,10,2,4.9292,122.9215,0
105,SUCCESS,exec9,10,2,4.9678,127.8893,0
120,SUCCESS,exec9,10,2,5.0232,132.9125,0
2,SUCCESS,exec9,10,2,5.162,138.0745,0
12,SUCCESS,exec9,10,2,5.1998,143.2743,0
104,SUCCESS,exec9,10,3,3.979,4.079,0
43,SUCCESS,exec9,10,3,3.924,8.003,0
39,SUCCESS,exec9,10,3,3.9747,11.9777,0
42,SUCCESS,exec9,10,3,3.9947,15.9723,0
44,SUCCESS,exec9,10,3,3.985,19.9573,0
9,SUCCESS,exec9,10,3,4.0588,24.0162,0
100,SUCCESS,exec9,10,3,4.0683,28.0845,0
52,SUCCESS,exec9,10,3,4.0827,32.1672,0
64,SUCCESS,exec9,10,3,4.1063,36.2735,0
112,SUCCESS,exec9,10,3,4.147,40.4205,0
30,SUCCESS,exec9,10,3,4.1493,44.5698,0
38,SUCCESS,exec9,10,3,4.1633,48.7332,0
53,SUCCESS,exec9,10,3,4.244,52.9772,0
46,SUCCESS,exec9,10,3,4.3093,57.2865,0
26,SUCCESS,exec9,10,3,4.3633,61.6498,0
13,SUCCESS,exec9,10,3,4.4847,66.1345,0
70,SUCCESS,exec9,10,3,4.3815,70.516,0
14,SUCCESS,exec9,10,3,4.44,74.956,0
25,SUCCESS,exec9,10,3,4.4507,79.4067,0
109,SUCCESS,exec9,10,3,4.49,83.8967,0
76,SUCCESS,exec9,10,3,4.5665,88.4632,0
24,SUCCESS,exec9,10,3,4.5782,93.0413,0
63,SUCCESS,exec9,10,3,4.6247,97.666,0
118,SUCCESS,exec9,10,3,4.8105,102.4765,0
82,SUCCESS,exec9,10,3,4.8527,107.3292,0
89,SUCCESS,exec9,10,3,4.855,112.1842,0
80,SUCCESS,exec9,10,3,4.8888,117.073,0
91,SUCCESS,exec9,10,3,4.8998,121.9728,0
96,SUCCESS,exec9,10,3,4.9192,126.892,0
87,SUCCESS,exec9,10,3,4.9258,131.8178,0
35,SUCCESS,exec9,10,3,4.9807,136.7985,0
0,SUCCESS,exec9,10,3,4.9945,141.793,0
